,S100A7,HLA-DQA1,MAGEA3,S100A8,DMBT1,MAGEC2,HLA-DQB1,C7,SPINK5,MS4A1,CHIT1,PLA2G1B,CD24,MME,PRAME,MAGEC1,LCN2,EPCAM,CTAG1B,KIT,CDH1,CXCL13,MAGEB2,ARG1,CT45A1,TREM1,TPSAB1,TPTE,CD22,CCL21,CD19,CEACAM6,CXCL6,SPP1,IL13RA2,CXCL14,ABCB1,USP9Y,PASD1,CR2,ITGB3,PAX5,S100B,CCL19,SSX1,BLK,CXCL9,SAA1,CCL27,MARCO,CD79B,LTB,CCL25,CTSG,CXCL2,MAGEA12,CD79A,FCER2,IL1B,C3,POU2AF1,CCL18,SERPINB2,CXCL10,CXCL1,SELL,TNFRSF13B,MUC1,CCR7,C4B,NCAM1,ITGB4,CD27,C4BPA,CD8A,IFI27,CXCL11,BTLA,MX1,IDO1,CD3E,CD3D,CD48,CTCFL,CMA1,CTLA4,IL22RA1,LIF,ZAP70,LAMP3,CCL24,CXCL5,SLC11A1,TCF7,MAGEA1,MAGEA4,LTK,IL1A,FCER1A,CD38
GSM2445716,3.239564327792423,3.425316053504977,3.1093007525205474,3.202135579165487,1.9301251515613111,3.718985172954885,2.9042813098031415,2.5485379624485267,3.0542048466659018,2.368634134779661,2.776190532436886,1.986551342241377,2.9066864032624227,3.1274664932180802,3.6519375319306944,2.9849687884953924,2.079265478366378,2.1181594502314667,2.079265478366378,2.7410034555194227,3.6283944839787554,2.3314974199178238,2.079265478366378,2.745677659152951,2.1851840874597452,2.1181594502314667,3.519379787270813,3.408083045058465,2.952145229810883,3.042796724003693,2.0357608477154905,1.9301251515613111,2.1851840874597452,2.9832661861378416,2.0357608477154905,3.6146714997157368,3.0028819678823337,1.567002952679939,1.40106112041606,2.3314974199178238,3.081937112860533,1.986551342241377,3.586753963026827,3.1710914743091876,1.1544017849985024,1.1544017849985024,3.2345698414312554,3.250112933980546,2.7959203325579884,2.484177807992875,2.518137375178077,2.7802631119897345,1.7858905177616267,3.0753375416485125,2.601036176484126,1.9301251515613111,2.711020867115228,2.214422506160562,2.1851840874597452,3.2674822017763927,1.7858905177616267,3.017991223910339,2.484177807992875,2.6382870540688335,2.518137375178077,2.711020867115228,1.864317926412524,2.6382870540688335,2.153258138693176,2.8944052013930524,2.214422506160562,3.074217224447327,2.6518699920345092,1.864317926412524,2.3314974199178238,3.586492654112118,2.567146213683009,2.4018526294291145,3.135978819903695,2.601036176484126,2.3314974199178238,2.6771349913857816,2.6771349913857816,1.40106112041606,2.9654855703459977,3.5605076438648515,2.745677659152951,2.7313912799267333,2.7002041090226188,2.3856850575492343,1.6897106904288128,2.079265478366378,2.368634134779661,2.745677659152951,1.6897106904288128,1.40106112041606,2.471928302835865,1.7858905177616267,2.9727681738968244,2.3856850575492343
GSM2445717,2.116071216913337,3.4975219117431053,1.9447426631983338,2.8988855685648027,1.9447426631983338,1.818753616546561,3.103304953444904,3.3554564037688075,1.818753616546561,3.23979916852109,2.9406384972196733,2.23195088057714,2.9855150686670067,3.493234633943354,3.699755874011832,2.23195088057714,2.0400947623282812,1.9447426631983338,2.23195088057714,2.3182284855263933,3.7697931521118755,2.928886810897059,0.6114206986714327,2.1787984243524456,2.725790396819138,2.869698243171918,2.997688856165791,2.1787984243524456,3.162536780212865,3.5895869868949415,3.065788215291363,1.818753616546561,0.6114206986714327,3.592288708442273,2.3540925532244024,3.324177373604445,2.685862470398338,2.962465638292404,0.6114206986714327,2.6256490309461578,2.5818801521278862,2.7436631592780754,3.8412182722583,3.5322448963496873,2.0400947623282812,2.7348821275202786,3.18906862186966,2.548360426930213,1.638178328088125,2.8942655120925407,3.145627087631827,3.2504231333834257,2.116071216913337,2.5103766080178413,2.685862470398338,1.9447426631983338,3.2546803884078592,2.7521526190073344,2.1787984243524456,3.179374799762831,2.638815888227083,2.965907110627734,1.9447426631983338,2.6513733122966823,3.608936006246497,3.18906862186966,2.638815888227083,2.7436631592780754,2.8536369553872927,3.1528462171225273,2.4155201424947506,2.725790396819138,3.0092262069200753,2.116071216913337,2.6748547022976243,3.117281132265769,2.597251044658741,3.061420559837607,3.2246487675610833,2.7978488123163627,2.9692967070862117,3.099658283136482,3.1396602411921775,2.0400947623282812,2.3540925532244024,2.962465638292404,1.818753616546561,2.23195088057714,3.1104112536015442,2.1787984243524456,1.9447426631983338,1.9447426631983338,3.050092502600992,3.178128983146573,1.3378611691286977,2.0400947623282812,3.1396602411921775,1.818753616546561,2.7521526190073344,2.638815888227083
GSM2445718,3.89891258443657,2.067608992301978,3.655917007030136,3.930003806047153,3.1160254918199297,3.3265398124542567,1.7589677422671137,3.306313772860227,3.486036967151965,2.2346505499278257,2.1324316476017153,2.3762663838832006,3.647224346925184,2.3762663838832006,3.857649870558606,3.512713090165406,3.44887903126203,3.3565015801539904,2.3462473277976916,3.6610852964843104,3.487876009607552,2.4288281136785255,2.4520739118789483,2.7678292381210636,2.187287521690172,2.473652819409927,3.3223527922314036,2.4036629243743044,2.4288281136785255,3.2013735096317513,2.4520739118789483,3.279618112629831,2.861399960356617,3.7718347960235468,2.473652819409927,3.567202590391691,2.7376783102635724,0.46942622913813625,1.2537223030260343,2.2346505499278257,2.921128424239653,1.9889650049463756,3.629812631995383,3.1538472460854297,1.8900523750496236,2.067608992301978,3.119080470932714,2.618108527798026,1.8900523750496236,2.276195984404586,2.684583765323043,2.8931588655579814,2.1324316476017153,2.3762663838832006,2.7678292381210636,2.928536595293076,2.932153080301362,2.2346505499278257,2.955981939139379,3.015247493011303,2.3462473277976916,3.460777621770419,2.965474653975898,2.630385347936294,3.1767648002998916,2.745557207889642,2.3131068615998918,3.069665388263104,2.3762663838832006,3.1910495877521927,2.4520739118789483,3.274198666820897,2.760620402058249,1.9889650049463756,2.7035086654063667,3.459817712166522,2.5626992914072724,2.276195984404586,3.120591097347304,2.473652819409927,2.684583765323043,2.7748377209967745,2.760620402058249,0.46942622913813625,2.187287521690172,2.591778712246162,2.7295497736910277,2.630385347936294,2.917333162004056,2.5302895606871787,2.605256889995767,2.6745869064841674,2.8247675328384876,2.75320031839707,2.4520739118789483,1.8900523750496236,3.163818720206018,2.4520739118789483,2.8247675328384876,2.712482145524897
GSM2445719,1.9044763382525505,2.3522782838416387,3.7336468808285592,3.1836646863782083,1.9768676447628741,2.705167873123507,1.9044763382525505,2.84100569236621,3.1868649795802626,2.4650177758202827,3.6868541463843076,1.9768676447628741,2.3522782838416387,3.741709027133318,3.7772356079910336,2.521987898702736,2.2759801026409363,1.9044763382525505,2.2131340613161123,1.7041207873030093,3.388416922009316,2.9457124309127334,2.5906829199413597,2.0378390123647097,2.2131340613161123,2.8331328729006966,2.7797035522316547,2.824996316610998,2.940700858174177,3.0872281493131526,2.6619074406626706,1.9044763382525505,2.534648309525901,3.8566511876996734,1.8161234845188725,3.037821350722042,2.9021765913930144,1.9768676447628741,3.248296337600033,1.9044763382525505,3.156017101157816,1.9768676447628741,3.8486505177352472,3.535712360392138,3.3077431480635906,1.8161234845188725,3.8092283039874637,2.4650177758202827,2.0902786210961457,3.3291404072514172,3.0004443054538688,3.341423254999763,1.7041207873030093,2.2759801026409363,3.4037903479872935,3.167714942714665,3.2313866571469787,2.1361279013858048,2.899163427085406,3.233895751460373,2.6984327089778244,3.535490501487391,1.5540361958471376,3.305629085110335,2.9624298151122432,3.1010165111862333,2.2131340613161123,2.8078626885506557,2.684421108766632,3.2382091813132066,2.4948801320534115,2.6373267242716256,3.262756816626604,2.0378390123647097,3.1737411333655903,3.408864485472511,3.2995770118171515,2.8735558058867134,3.4990131610718214,3.204320058174108,3.1884458747100832,3.235138100440197,3.3709685440962667,1.8161234845188725,2.0378390123647097,3.3245980685639416,1.8161234845188725,2.747974811428931,3.247717527718808,2.848630247495352,1.9044763382525505,2.246021856645311,2.9624298151122432,3.013627743784056,2.6286108787158895,2.747974811428931,2.534648309525901,2.176749594979483,2.1361279013858048,3.30219516309566
GSM2445720,2.3378165511363287,1.8289845710950738,2.2555797719391215,3.114599177552793,3.4714512582282895,2.2555797719391215,1.9165766199310181,3.817170799354747,2.473233409707905,3.382015273557554,3.3201232244926935,2.7373290506878862,3.478205593936963,3.424840972080777,2.883092439413069,2.222911616913059,2.7250349848006308,3.1313133230386057,2.473233409707905,3.0449726386027725,3.472790966804262,3.444108598814995,2.222911616913059,2.222911616913059,2.4222933204934693,3.220493024690879,3.5407312757673695,2.4032226629150446,3.4185165807159077,3.4903393334046102,3.2905556779804654,3.2536508274438662,2.516719723383315,3.3329128523779117,2.4571920361481436,3.200364414908245,3.0400673393852626,2.146439617912381,2.1009220847360046,3.119191125112148,3.062054512226446,2.9816050042063638,3.777952680382837,3.6671018397496726,2.382898009890638,2.9415105478029426,3.5318130116416775,2.608144433532468,2.285342225768057,3.382299035656019,3.3687474640779445,3.426605798631652,2.285342225768057,2.6611701007139765,3.5131186957972664,2.222911616913059,3.626816391255341,2.8187216463674174,2.911211345818209,3.656801155449743,3.2324089136185683,3.493016707438229,2.440244839716593,3.164771266508031,2.9170248001364554,3.2823594267125356,2.9170248001364554,3.4821927286329544,2.938915509677554,3.5499031800445713,2.754730699408167,3.4384726181480407,3.454287121475425,3.231765922616733,3.1779266758222535,3.616049259730495,3.157383802556765,3.060556927775657,3.6341312288788004,3.169253620639904,3.2177420906012024,3.2448352155240405,3.3189146138349566,1.9165766199310181,2.1867760084505545,3.220493024690879,2.1867760084505545,3.0384070674041523,3.3201232244926935,3.3496934815498176,1.7180151321011787,2.440244839716593,3.3028707955149335,3.3520636540262854,2.0488749624359635,2.361159628987702,3.0080426176107067,1.988378097995953,2.951604767455139,3.357039038020571
GSM2445721,1.859518747674141,2.015748536966666,2.015748536966666,2.662047233252647,2.2783590046412803,2.2106587699946383,2.015748536966666,2.776368983233033,2.17099381077473,2.765278201343824,2.6162085842175973,2.359343000363426,2.4426040621450893,2.7921362105588257,3.805765438588737,2.0751315671291746,2.126256450676229,2.17099381077473,2.359343000363426,3.492907164794339,2.5357521187100427,3.3415105395567437,1.859518747674141,2.015748536966666,2.359343000363426,2.492844280181146,3.1874498816589694,2.3345406473911234,3.5320008734939603,3.0138778404756392,2.6354824026529493,1.9453298969663624,1.6059225776667263,3.8100323153335545,2.2462083533476713,3.4849357442400732,2.715336686344426,2.0751315671291746,2.015748536966666,2.2783590046412803,3.5716032124461026,2.2462083533476713,3.854026088119687,3.2840507695462495,1.9453298969663624,2.17099381077473,3.7117408519739157,2.662047233252647,1.9453298969663624,2.6862138262847393,2.8069632219079192,3.118984182049131,1.750962954815099,2.735221747016353,2.8163751254325686,1.859518747674141,3.0038150868534914,2.359343000363426,2.46030615788656,3.370598338778279,2.522141927522459,3.14056443826877,2.3076599213307953,3.3298599238398916,2.5611756632746125,2.953142874658827,2.492844280181146,3.0177768906215072,2.5845055068724676,3.3481551767466486,2.403766966610088,2.6938032086456136,3.090791934603024,1.859518747674141,3.151064400593724,3.785967112420318,3.266236673029825,2.945254643331515,3.442761225984327,3.242750071223228,3.019700597515759,3.131754518114657,3.046678225947513,2.015748536966666,2.46030615788656,3.160068445092173,2.17099381077473,3.1091709582614695,3.1177828028961034,2.781736007448787,1.3944405549495262,2.2462083533476713,2.945254643331515,2.897878235019441,1.6059225776667263,2.015748536966666,2.46030615788656,1.750962954815099,2.626015359719328,3.0119019155042586
GSM2445722,2.555584046261449,3.496340449101024,2.555584046261449,3.030660218885551,2.6456015314230212,2.6187292940663784,3.2599494210678803,3.175182753642839,2.286601471098731,2.9845306530796476,3.3485840678615895,2.4743389449861013,2.5177924445757047,3.706858489409953,2.782210195190903,2.4234385726593155,2.4743389449861013,1.8307120676937993,2.6187292940663784,3.4605246479674636,3.391460332826587,2.766606501204126,2.4743389449861013,2.0503583698501946,2.8363460059000545,2.766606501204126,2.4234385726593155,2.555584046261449,3.1901378200481707,3.3780023954931533,2.9970016222545106,2.4234385726593155,3.1877225949878905,3.7735130478516217,2.0503583698501946,3.097126329420555,3.6733330580603543,2.188124251964067,2.0503583698501946,2.810763400469213,2.6456015314230212,2.6700428488780594,2.7968974324340254,3.1877225949878905,2.5177924445757047,2.362354433459322,3.1444589137380623,2.5889382767788596,2.362354433459322,2.9845306530796476,3.0144781185899867,3.059785406425427,2.4743389449861013,2.6187292940663784,2.9423097437164896,1.3545232351154812,3.150405987087336,2.870268729277336,2.823889533328844,2.766606501204126,2.0503583698501946,3.1802943856296637,2.4234385726593155,2.782210195190903,3.2514025371002484,3.0029828587372545,2.6924308961069565,2.188124251964067,2.555584046261449,3.0253988984307894,2.6187292940663784,2.990853849516534,2.964408518835503,2.0503583698501946,2.880583836848328,3.3576382725279603,2.6700428488780594,2.870268729277336,3.4428822828899692,2.7499741903977606,2.810763400469213,2.9090669003692646,3.159009967099008,2.286601471098731,2.4743389449861013,3.2849509225483264,2.286601471098731,2.362354433459322,3.61188186040642,2.6456015314230212,2.555584046261449,1.8307120676937993,2.6456015314230212,3.377125969128579,2.0503583698501946,1.8307120676937993,3.0551979932390703,2.0503583698501946,2.5177924445757047,2.870268729277336
GSM2445723,2.0132659491651426,2.2084901492446583,3.3535810317229497,3.0694448521862734,3.2559010797024412,2.421931171305799,2.547031611049251,3.5910775047082444,2.421931171305799,2.7855362483775177,2.9412578676799925,2.918484052342222,3.115417388614841,3.2235355196549147,3.7877368955882837,2.547031611049251,2.6518847762909177,2.9716457355366717,2.4584823446216353,3.0868486764493603,3.199546365953186,3.040327022515726,2.4584823446216353,2.520394680278124,2.38041795203281,3.177627295195032,3.2896010235449196,2.520394680278124,3.164736082647182,3.5264169137722017,2.774904171223775,3.1272024477921243,2.3325505949786516,3.938136071331435,2.421931171305799,2.752189891412388,2.976334425903668,3.1509561515351505,2.3325505949786516,2.5938200067060295,2.994161152150927,2.38041795203281,3.760030257492833,3.5248982009920162,2.0132659491651426,2.276289869890688,3.6455528294626727,2.614571689027528,2.2084901492446583,3.1703633426159037,3.1003233190493424,3.351469415717563,2.38041795203281,2.8149503946384486,3.5663177122340928,2.4910611654217427,3.1272024477921243,2.4910611654217427,2.8055291611789075,3.2461286055871703,2.614571689027528,3.344980704228699,2.4584823446216353,3.14263668901213,2.8932200833505037,3.084046254976259,3.112977051915264,3.3435062934629425,2.8723072987553446,3.4807375557591254,3.1202129279437014,3.2011354152034346,3.2640568922559505,2.994161152150927,3.3486145418601687,3.6748741772969087,3.138345118656969,2.98983679065195,3.503441780908241,3.5781949890000058,3.1685051649263083,3.174028489680105,3.2751272921636287,2.3325505949786516,2.2084901492446583,3.138345118656969,2.4584823446216353,3.078326592947004,3.252295107754161,3.234499799539002,1.0264110251571934,2.547031611049251,3.380775018581021,3.2058265080965764,2.2084901492446583,2.520394680278124,3.16282454685253,2.3325505949786516,2.8055291611789075,3.1794025190567683
GSM2445724,2.154581494952516,1.9715453906670757,2.446890005567078,2.836787092054034,2.32189419259826,2.5240523867446742,2.2485211714567317,3.400663499519428,2.2485211714567317,3.315287810117152,2.5660552545718605,2.188815478120118,2.982163458681589,3.027301716313688,3.8766514048793312,2.2748335061858422,2.2748335061858422,2.154581494952516,2.074295322604481,2.6192421811655855,3.7147033174078494,3.280620725903673,0.8089657115285883,2.188815478120118,2.074295322604481,2.6192421811655855,3.058209773603617,2.0264045778324493,3.2784665130146036,3.5678518089325304,3.240149824935298,1.4604568745486948,1.738516015152529,3.9193057558084092,2.074295322604481,3.260755102641144,2.7993792060908023,2.2199725144856335,1.8315975557544237,2.683557305104698,3.3566802251060004,2.8867083924392074,3.818159275678592,3.641973489009127,1.9715453906670757,2.7404294540697953,3.429525289676126,2.807330706218111,2.116669996806109,2.815033744792896,3.281475493397904,3.2958307479671887,2.074295322604481,2.46122534530108,2.8033869397771336,1.9076425211766974,3.360863645091467,3.0460980516027925,2.32189419259826,3.2303490879146057,2.683557305104698,2.8535343144863665,2.446890005567078,3.0620988818381787,2.5240523867446742,3.2128169637502086,2.791163929223008,2.5125180013449926,2.8332937954328106,3.3532612542246687,2.545824545250958,2.9587170122386395,3.173674021617644,1.738516015152529,3.0242592613517196,3.685567194402322,3.161357551080857,3.146531864464899,3.7354610661697434,3.075778209157932,3.085197664121372,3.102852735951639,3.1540812228555826,1.6200622937028404,2.2485211714567317,3.177371814542319,2.2485211714567317,2.913284799323835,3.2053346735854835,2.7454850331141976,2.074295322604481,2.074295322604481,2.9157830015329163,3.0931062549734984,2.2485211714567317,1.4604568745486948,3.027301716313688,2.0264045778324493,2.299209481929666,3.0148679781835117
GSM2445725,3.963025765497018,2.174343239632104,3.5633083544925728,3.906990565140368,2.4985842702960603,3.308819640263083,2.2905169872938176,2.747481109911009,3.505801060745652,3.0361694772834373,3.288255644160005,2.4435540730349286,3.526698548350179,2.9727084066778473,3.7244753992935284,2.584777139289762,3.0788253474695537,2.4435540730349286,2.687016274379023,3.185670710266328,3.5440606102633048,3.1738892447962788,2.463047546562563,3.223672968783405,2.422717200115337,2.514863605317883,3.9092419650237566,2.5969006188779904,3.432110240789367,3.554154514223086,3.0301867075557536,2.7606120143662296,2.1249233664433254,3.6735372380536773,2.514863605317883,3.8119034310314666,3.060327825841043,3.0044590087376886,2.2176358084436116,2.4985842702960603,3.390460645066322,2.584777139289762,3.8164354459954075,3.692080046890001,2.2905169872938176,2.584777139289762,3.6031931278599902,3.11697850484157,3.0772091097304823,2.8226317109820953,3.161365595547706,3.349347474667199,2.067595432277429,3.5344860253524706,3.2380298903072964,2.9129801781884774,3.2283235989585743,2.4435540730349286,2.60851708556075,3.373202630648281,2.584777139289762,3.490791238605192,2.985463030137078,3.1922322782889507,2.9025128733757217,3.239480479975306,2.3501477973221907,2.7730955029304942,2.9357059938894063,3.049515255499151,3.3657230747591207,3.5485179299847016,3.1738892447962788,2.067595432277429,3.248649771426359,3.9353586424571816,3.241635930460211,2.9447964031532106,3.831810271840861,3.131215730987747,3.1698014298009483,3.258707743798887,3.1687662333883204,2.174343239632104,3.324125300342979,3.3552324524822863,2.977898044604768,3.1248666779027405,3.2785240783326,3.1536810584344663,2.2176358084436116,1.6744038063574695,3.0301867075557536,3.4767603731802703,2.2905169872938176,2.321705658311628,2.992779043600594,2.558834300808046,3.2953679006778454,3.0089628370645194
GSM2445726,3.823087335407586,3.2523506138142557,1.7762302497452511,3.7800266036655983,2.1944977503068825,2.089286191978302,2.8122022802591182,2.1944977503068825,3.3778075984624496,1.8932870174028802,2.460297572211571,2.1944977503068825,3.6033116004918986,2.5742988150620594,2.713510079653101,1.8388722622836322,2.8228430556712665,2.4700882985040575,2.2751075739090774,2.696927133211266,3.4348010702280294,2.237198525557398,1.7028236365619038,3.0472944319282464,2.2165145221062534,2.6177728319173665,3.304935704780661,2.170983318577983,2.9267780575667794,3.1057654927108307,2.292555301942516,2.381164593383736,1.8932870174028802,3.2410846456928177,2.7402021490974775,3.5744277080444804,2.623460808236173,2.497661459331256,1.7028236365619038,2.2566896631446487,3.0423586301146974,1.1733671760402158,3.7989190699393403,2.990748280350136,1.7028236365619038,1.8932870174028802,2.8845310645425393,2.825432495117861,2.88653573259263,2.2165145221062534,2.4059294459120224,2.7402021490974775,1.7028236365619038,2.7011724819153224,2.852230418036394,1.9412330149584984,2.761059002734485,2.2566896631446487,2.639846783424025,2.8885234808516715,1.983974767364588,2.9382416908552975,2.814906075006491,2.0573689438290965,2.743798924185132,2.639846783424025,1.7762302497452511,3.222628315252857,1.9412330149584984,3.6395087590337165,2.5742988150620594,3.3487408303489836,2.2751075739090774,1.7762302497452511,2.1944977503068825,3.313263759237473,2.3542704031262938,2.1944977503068825,3.3476921948431406,2.7740674585581053,2.3091221808846663,2.339915455440832,2.6290329766155702,1.7762302497452511,2.3937936462266003,2.339915455440832,2.6450963189550563,2.867850787149327,2.7365541573606693,2.460297572211571,2.2165145221062534,2.6290329766155702,2.7328535806129506,3.1577325043852023,1.8932870174028802,1.8932870174028802,3.305997625599897,1.8932870174028802,2.9736640972105453,2.6926120150372954
GSM2445727,2.156862170164961,3.640466617811416,3.5928569333838247,3.283952815986231,3.626936293687086,2.4487526619540474,3.2747994716742936,3.6145888246017894,2.6095883255263583,2.565321876064336,2.9600236079752746,2.7199986193997967,3.3107710016319434,3.164662957838554,3.822494517740982,2.7457463983250934,2.737447124570535,3.1402863576181517,2.5808692491470553,3.5000763427953516,3.549198389716602,3.169700184307267,2.4239356168477024,1.7905380254233816,2.8454618029498318,3.27623721120194,3.498479275309747,3.355330074773231,2.8613189571839444,3.481588956364326,2.701290199149935,3.2460043820259576,2.156862170164961,3.362162107537942,2.548869673763753,3.102443446567785,2.9353208227852714,3.0727292541270947,2.2983270541083045,1.7905380254233816,3.5161420204003355,2.2108139470230586,3.710009229900924,3.349189437995981,1.9189078427126125,2.2983270541083045,3.3863444498214585,2.8102431213470664,2.2574231190027882,3.4566846146609658,3.0025274904244132,3.2110649639991635,2.156862170164961,2.471682147634509,3.4831381285486804,3.005273216170944,3.06251145276172,2.471682147634509,2.850864680501849,3.43697815225973,2.622901902848167,3.61314194650917,2.2983270541083045,2.8038471322181446,2.8284884029410358,2.927742115967971,2.3673371043193785,3.4159962937836443,2.396924960727614,3.4944169481220912,2.6914088317083906,3.138841817279644,3.1431449335666057,2.8901811123429337,3.2443158188424612,3.5219734662292463,2.7199986193997967,2.797281130616884,3.5136029871912293,2.9822876446304676,3.074714889380797,3.2007159581008136,2.991189286008457,2.093152370591302,1.9189078427126125,3.12535773199833,2.2574231190027882,3.018508663824354,3.2218467014344307,3.297848514584864,2.0159261594261073,2.67046180782536,3.336753973366118,3.15148601336859,2.492971890348266,1.9189078427126125,3.1805885495948645,2.2983270541083045,2.885608753008871,2.939018186540446
GSM2445728,3.964309440208807,3.5997628643087825,3.430559364216608,3.981835906972896,2.642931492764811,3.260368778693595,3.5261009964323256,2.566588016729855,3.501975194348948,2.566588016729855,2.791619735697367,2.7720878878400588,3.657758293349487,2.8967812462804434,3.748012457144435,3.3619955867630917,3.0785465104703293,2.8423744335419174,2.7024425068559754,3.312562732039597,3.625494915048564,2.9086265064146413,2.4617982522305497,3.272849474771898,2.566588016729855,3.0238799606304005,3.4970233473684864,3.0238799606304005,2.7024425068559754,3.5093907563076994,2.6743473969102154,2.7509113391714974,2.642931492764811,3.7570506702575757,2.566588016729855,3.65515252942725,2.642931492764811,3.055956490146252,2.642931492764811,2.7278130840051946,3.392522967721984,2.4617982522305497,3.8085426037107664,3.2787916807594084,2.172817026803946,2.7278130840051946,3.624257091549947,2.809729309452037,2.8423744335419174,2.7024425068559754,2.9306440488448198,3.154023696086919,2.607387664102646,3.1464604681140425,3.205994239067058,2.518893166427001,2.9086265064146413,2.809729309452037,3.1037481527306303,2.809729309452037,2.172817026803946,3.50887215096253,3.188067243481726,2.9086265064146413,3.154023696086919,2.9198974925634094,2.299850463675115,2.8423744335419174,2.6743473969102154,3.138603207534314,2.791619735697367,3.588561829222632,3.0238799606304005,2.172817026803946,2.8571838777752263,3.772736591473746,3.0675524798863445,2.7024425068559754,3.665876116842893,2.9198974925634094,2.9086265064146413,2.791619735697367,2.8571838777752263,2.4617982522305497,2.791619735697367,2.8711309281677773,2.8843046366994964,2.8571838777752263,2.950733816882068,2.9862411230559838,2.299850463675115,2.8843046366994964,3.168346219698841,3.0238799606304005,2.172817026803946,2.299850463675115,3.2031180481094617,2.7278130840051946,3.1130316139768435,2.607387664102646
GSM2445729,2.3610974692670705,2.4080420682093573,3.0629469565043466,3.2424561424658958,2.5011008282204976,2.61767705221058,2.545486577238916,3.479182797015733,2.5588793212022827,3.558557603762034,3.832101032033062,2.4290904294540354,3.3544130519834976,2.571668376065127,3.5868441392285675,2.5588793212022827,2.4487789822418153,2.4290904294540354,2.6748081394415966,3.265038322747577,3.4903484030123786,3.4403259307447,2.699365582158779,2.3610974692670705,2.666089319277926,3.05091214856811,2.990040908745209,2.628074691059896,3.606436743984863,3.7947082967300285,3.496798103341183,2.3610974692670705,2.4290904294540354,3.841637975345935,2.5011008282204976,3.4590571395266845,3.5124046418916546,3.05091214856811,2.2395730437314,3.228974887518047,2.987689441071645,3.227499119843018,3.642725314309256,3.788794651898095,2.5166639172663534,3.0544205225058074,3.7129368896255444,2.571668376065127,2.3059603815304643,3.0491361375362294,3.5430334886750043,3.5902126799526113,2.5839020473707888,2.60687014855588,3.276824052522672,2.5011008282204976,3.5565588855418593,3.316748015759428,3.052673535504986,3.4602750705851513,3.114562305331154,3.799023030090713,2.571668376065127,3.3562703408661627,3.0629469565043466,3.5907520713167997,3.0080029188954813,2.5166639172663534,3.268652399975359,3.4831069178132408,2.5839020473707888,2.978026690820243,3.492693000443802,2.0487977800203323,3.4235872279319937,3.6852004066699484,3.249847260741831,3.3181231208843873,3.821358505558153,3.1909251342700142,3.4500595580840634,3.4838104732949953,3.5956974099815873,2.2395730437314,2.7424803838862255,3.409996865712758,2.8064460097750192,3.010148487717393,3.6074864726709968,3.192704680552237,2.5166639172663534,2.6570763809573603,3.184567001012797,3.5181929858177323,2.4487789822418153,2.3610974692670705,3.1448571609198703,2.2744256918006536,2.7070670283621814,3.361728696127851
GSM2445730,2.109000841159798,3.679248707008647,3.4970054873349836,3.2606023363412144,2.336537576050055,3.558288537061315,3.4213418343951143,3.2371661974014043,1.9630622471475978,3.2880455846572842,2.3930107659720865,2.109000841159798,3.042076318854951,2.916312436142225,3.3349837364657864,3.4270007016346185,3.679548305699649,2.212834613783861,2.605616112939784,2.7821377953578326,2.5971473190860874,3.4114742076241535,2.4551889106643445,2.3152442847364725,2.4820590335603336,3.626450567235818,3.63340340013532,3.144487582082099,3.5773183886002484,3.2822858512971353,3.149522770541737,2.1471117622047275,3.1639143196233364,3.736910034189006,3.7645404569450256,3.8160736648513667,3.071838481035503,2.923518648918052,2.109000841159798,2.895924408915143,3.6686792371711485,2.8584831045123757,3.6818127460630876,3.635533892788731,2.0182388518042003,2.8140873927357295,3.536352085410834,3.708025342645798,2.3930107659720865,2.6515800010593327,3.2666035886188145,3.366784016783663,2.1471117622047275,3.1285854130905952,3.3673079871819724,2.8355911810496353,3.3154755060608676,2.93504950752133,3.647345128208032,3.726720515361521,2.745504472785001,3.1692432923528244,3.2334154840556777,3.257766793168447,3.343254578483187,3.3058002872220786,2.658536950491474,2.9585375637302445,2.9684583066823995,3.3964145749630674,3.3573546577451663,3.1410597875709465,3.1453355389937006,1.898773995580309,2.9906155171272695,3.570537318982058,2.8932459866087377,3.0694096216166438,3.4721586694870177,3.1600190461766533,3.131323562598762,3.207386317750377,3.2818675395760546,1.8222474684870447,2.898572549974056,3.1511736418936906,2.292453938446444,3.7356252320810803,3.2544040091089714,3.094699369666657,2.212834613783861,2.8489373919955296,3.2306907819802855,3.3024583932048044,2.2415234702266456,2.181521353162977,3.1201438869474294,3.460403300566994,3.3032063022638325,2.930506394215963
GSM2445731,3.6657231885952966,3.83793863736608,3.140867230449946,3.804003476914562,2.397255482524474,2.4458783653145137,3.685037680762229,2.7898750273534887,3.1830432512482347,2.870918256108886,3.28590926694507,2.599686662705333,3.303468443290782,3.337132148750293,3.5133772495351168,2.3395791417800686,2.5861561000264706,2.422531710987619,2.716017052739834,2.916655195657976,3.6547482413516414,3.515753508694673,2.556961970208586,2.856737344449778,2.22744474436763,2.8799233114280196,3.5508712577421617,2.2691952229414145,2.920400644544446,2.945038285645935,2.831065984698437,2.0595161616793347,2.22744474436763,3.839962112203644,2.22744474436763,3.7937561631986036,3.1181998974234566,2.22744474436763,2.4458783653145137,2.397255482524474,3.1090088608769575,2.599686662705333,3.5169286650483036,3.587925157952252,2.467549446836733,2.506662361841043,3.8753567399911084,3.176416928400316,2.9929537845125695,3.038978828452425,3.1648570949071924,3.3792749432200053,2.17984060506872,3.231821432965226,3.3965753147637066,2.22744474436763,3.300557639699531,2.6793120950503146,2.716017052739834,3.5123480690721554,2.896964010872627,3.425568630292953,2.814250009338716,3.583266982518579,3.3899306639500493,3.286543299563034,2.4458783653145137,3.146160392078972,2.870918256108886,3.352755458886759,2.6125877948034053,3.348300011261772,3.40030929307662,2.17984060506872,3.5169286650483036,3.7662413464143185,3.5113123073499026,3.125557230699493,3.7970408682867953,3.540676324839332,3.350541615214902,3.4104188457620532,3.4126219780159195,2.1246953481259743,2.941676888998629,3.3069016676716,2.8754635450858053,2.941676888998629,3.4026442868079907,2.973237099902699,1.5587928876211483,2.4458783653145137,3.2578676879688624,3.3179023706548123,1.9804174277736095,2.22744474436763,2.7628536512214157,2.4458783653145137,3.206561120547781,3.3028899533089504
GSM2445732,2.3983819771165673,2.3362042742985665,2.299887073001775,3.2301451777238643,2.494335109096612,2.494335109096612,2.473065622750607,3.9470238640145943,2.299887073001775,2.3362042742985665,3.174247087331753,2.7983852050464333,2.5327380286669663,2.494335109096612,3.2847408467114043,2.299887073001775,2.5968691057431075,2.9209192284966354,2.450158290214504,2.7627078338439377,2.6716672864307567,2.7916457706043842,2.1585828134762863,2.4253656216156774,2.730028097408128,3.0437155069943556,3.27987063244113,2.550181107756162,3.2425660119133313,3.250144390006506,2.7916457706043842,2.3362042742985665,2.1585828134762863,3.527595224327983,1.7927556630628128,3.2719511171761937,3.8634139453524567,1.9209368136333789,2.212471468826841,2.4253656216156774,2.957643734043411,2.299887073001775,3.555316925653674,2.721163425304492,1.6086782490062972,2.3688242952443943,3.083381516940797,3.480937227751703,0.5506648696186532,3.262912207244102,2.8866472827890624,2.746890608512397,2.259027976293259,2.6368329523559657,3.519665317155501,2.094950652284679,3.119950277210805,2.566618446359515,3.0220076822327178,3.6683317941733637,2.682338871594284,3.1293098587372383,2.3983819771165673,2.9832588830147393,2.8113373243181483,2.932568743595119,2.3362042742985665,2.881987804358885,2.3362042742985665,3.8935596804527455,3.4456225133316916,3.0459979320140396,2.964326649444281,2.473065622750607,2.881987804358885,3.7001196817887942,2.682338871594284,2.6368329523559657,3.562498229691142,2.829568859972733,2.851928515205244,2.94001898537925,2.9708168522663425,2.0178232595497345,2.4253656216156774,2.7847186611267754,2.3362042742985665,2.94001898537925,2.924868281226223,2.3688242952443943,1.7927556630628128,2.0178232595497345,3.425664918333751,3.0570588413107185,2.094950652284679,2.0178232595497345,2.5968691057431075,2.3688242952443943,2.6716672864307567,3.081469262878835
GSM2445733,1.819590312236584,3.6572143885498227,3.6165183196311586,2.7667931342421337,1.945509409304471,3.579924677284712,3.1870136336908215,2.8648689602749218,2.81508435949156,2.2675992237207887,2.868804587650764,1.8874217322116782,2.386879683046804,2.6487591189240836,3.694207834954928,3.5202700352272513,1.738622756415015,2.44904542638418,3.778113255481399,2.714406534331686,3.0886656139338933,3.2766368119664335,3.540488329629512,1.6916454611986242,3.7203481726471193,0.6133519828227948,3.1299112592343956,3.462073130373243,2.3460770581204105,2.7119743924493296,2.4090294857751053,1.917522260229888,0.6133519828227948,3.266817491530106,1.7810239472531428,3.4052507101162295,2.6122986992622024,2.5702687139569402,3.1888003333038126,1.7810239472531428,2.741937375203517,1.945509409304471,3.536668937529587,3.1142158315855357,2.9730119530584034,2.0408124824414204,3.518417789977474,2.672493123284091,2.0991931754242192,3.0516088828422663,2.557621209396436,2.855425381804429,1.5797792578174827,2.44904542638418,2.9448086944543594,3.048109988791317,2.780238586636829,1.971636211587618,2.4160734487307503,3.4151422351820275,2.1935205784434126,3.284353285249617,2.379131519046357,3.3155769858630983,2.86220864800325,2.9158302022526703,1.8874217322116782,3.0920363870542444,2.582373207030193,3.382238197702167,2.608730028738379,3.1926168044943717,3.0498665851817126,1.224759213684025,2.982737885948086,3.263023948210495,3.1980647221587195,2.7764698942172217,3.1989112556815464,2.99281591948448,2.9958268709426115,3.0847456035808443,3.05102969232849,3.3494329156445493,2.379131519046357,2.988221301777642,2.4229594093314515,3.03910459723895,3.0492826527249237,2.636058450100264,1.3390287333465767,1.917522260229888,3.1137861553065695,3.1373291025242875,3.241019775617546,3.373767884501368,2.0191223807767456,1.819590312236584,2.1935205784434126,2.823077561929795
GSM2445734,2.0109322387259927,2.3695863216125064,3.3909231543546157,3.243371871016797,4.030061129592316,3.24538684796083,2.286414751094651,3.6919164318063773,2.7983461079436536,2.6538534279612063,2.5922598566277366,4.144900163831064,3.797542191040344,3.619598519392301,3.4214417492045066,3.1939989515500393,3.316314202157114,3.7909764388835887,2.5350477578516406,3.1048927286853454,3.746376696179916,2.820903885217953,2.782077764213316,2.4353451891777156,2.286414751094651,2.937851685047381,3.6317880113341285,2.5131111074176062,2.9148300110144896,3.429920660948773,3.054572494982982,3.10691581004152,3.3282459402579843,3.76043666062737,2.7151199125260788,3.786485637070127,3.2541991000375843,2.102140798018004,2.404211067319224,2.7151199125260788,3.375370708816501,2.235266806225267,3.2866366655035586,3.2423563413397316,2.1749983840324165,2.3695863216125064,3.4397035401019207,3.2570478440869097,2.6247862186060837,3.057139601452622,3.1205480788093056,3.096597131040675,3.6836926583856204,3.102849697797319,3.3821379455168934,2.6672912734894867,3.4499134099942865,2.6672912734894867,2.937851685047381,3.487013354430559,3.153533337785574,3.3533586230658536,2.235266806225267,2.8724756712266375,3.298332888967647,2.933428168346025,2.9506299294693923,3.4152853831686785,2.463583894060563,3.6179336120054977,3.1926874805835976,3.569356072376687,3.288239475280932,2.755505432761536,2.977906812955962,3.512748998319044,2.985127140232089,2.8724756712266375,3.600324212791444,3.174794004301057,3.0596761548693103,3.1333311946657876,3.225329512599168,2.6800851685638722,2.9955359267486315,2.894607884456413,3.3647061451604783,3.2570478440869097,3.0857403137490573,2.9148300110144896,2.9547345228751722,2.3695863216125064,3.1776543594509152,3.21504585659761,2.988651303104265,2.1749983840324165,3.221962041252129,2.286414751094651,3.002212548530424,3.2493539430806666
GSM2445735,2.7822169683851823,1.658380752543788,3.698782353962832,2.7316279680676714,3.086257896270694,3.591423400814378,2.214761182030513,3.2920004475953952,3.0801023175507964,1.658380752543788,1.9391107985924596,2.3455723039076615,2.866734698777572,2.102363806334378,2.8242830911328016,2.69567060342273,2.5555919715416926,2.3664258302337418,3.7254150324004494,2.5555919715416926,3.758475231603966,2.102363806334378,3.4808452609607308,2.4537936958156283,3.6388021019306107,2.001664359427241,3.499322659833554,3.3331183064724637,3.054922376678936,2.9503769613698463,2.6463831928816117,2.323259736000248,2.0554109805410072,3.228641871728118,2.2992901148706206,3.5643480106795566,2.9082590808783135,2.1811445311371362,3.311806687276783,2.001664359427241,2.8913520564118116,2.102363806334378,3.948573627580332,3.0750446820783344,3.278736681035983,1.5031921146135885,3.163307684590278,2.9027582744703047,2.969876605407521,2.812398990172635,2.753087358286163,2.6540055701552765,2.0554109805410072,2.9481027878666586,2.7822169683851823,3.1530575632005418,2.9082590808783135,2.5332863829869434,2.1439336737596375,3.085041144997497,2.1439336737596375,3.243012079131568,2.586072286987703,2.5955384172428357,2.496218727028632,3.112445501624432,2.0554109805410072,2.69567060342273,2.1811445311371362,3.1177253417729993,2.4043919492511567,3.1145737075305546,2.7201864599511976,1.2748012079263327,2.7822169683851823,3.372435738628444,2.482739818262046,2.273424057375199,3.1948152056380064,2.5555919715416926,2.6385395193641368,2.661417920112175,2.7999110783464793,1.7738506755857022,2.702018624438531,2.5661222717238648,2.8083062196865693,3.1762052121434747,2.885434011429089,2.46861771294881,1.7738506755857022,1.8647496067186602,2.4537936958156283,2.5332863829869434,2.46861771294881,2.214761182030513,2.6540055701552765,2.2992901148706206,2.9481027878666586,2.753087358286163
GSM2445736,2.243203296148207,3.680983389639899,2.7428317415723806,3.1520985060823477,2.052940529680631,2.1904714343397145,3.313605710983987,3.528620594691043,2.1048437907102824,3.6598765720150075,3.0003518854058333,2.170933140404423,3.3771286149886843,2.4519197315070316,3.6183655190685338,1.8337184165779405,2.328830092408092,2.1282607697300353,2.170933140404423,3.416138754561486,3.4495650098039956,3.466460740500172,2.9749379706558376,2.1048437907102824,2.243203296148207,2.476264035591101,3.3843380356563446,2.4914529028836965,3.5891481889507664,3.9058677066128253,3.5259113213865345,2.1502396844735463,2.243203296148207,3.6513675232725595,2.079808578497236,3.5277826017162197,2.991159408256907,3.008213082593165,2.1282607697300353,3.3796131807963676,3.602267392267987,3.2835968932422643,3.829736318043488,3.6971309921897966,2.425432747867576,3.3089317919672374,3.3121314604893346,3.093251279090001,1.8797149438321479,3.5261540070568165,3.5590185842438404,3.6633963937673673,2.1502396844735463,3.2899058002582002,3.5003747927556197,2.1282607697300353,3.640584748001543,3.299664102607304,2.9290729385433605,3.3769813649043603,3.208154907602068,3.4492749315308964,2.2089666292723735,2.9869480317267634,3.0345507810929075,3.600729863924437,3.288468802328012,2.7572245705832272,3.2971577379760415,3.4319656310205455,2.5196604538141596,2.9869480317267634,3.4712810386959783,2.1502396844735463,3.093251279090001,3.2451032761228995,2.9235131853744556,3.3459885106892915,3.590362468101923,3.113623949628402,3.402436814621027,3.4869723388450513,3.506924220126099,2.023981497449735,2.7113714022631603,3.1940888176511115,2.434521066206849,2.7654843899110415,3.4932546136222467,3.057256097319539,2.8853741746912793,3.0148679121429773,2.748686782029863,3.601106295464821,2.023981497449735,2.2265157463485172,2.9513026579479837,2.170933140404423,2.9276955453089677,3.1964395641997974
GSM2445737,3.9896075918365743,2.4896571547539628,2.6259339269552298,3.9230971302917226,2.791042876555579,2.9979089971812454,2.5106851990179355,2.3866513631616417,3.525954313242727,2.5106851990179355,2.811642601363991,2.5106851990179355,3.560626570801862,2.952041859731285,3.781830796672909,2.278255381320114,3.2717640205668563,2.612103408632713,2.6516531741457845,3.1667464368718816,3.532226120303297,2.948377765112464,2.548661000087954,3.2228565935553326,2.735146251026342,3.2639053796443145,3.5815832758220805,2.6751300463986287,2.8049649569973147,3.5132033212420466,2.726056190127091,2.6967012078779136,2.899121312956662,3.9605898579995347,3.1352671946298516,3.4959763264641226,2.9209365412246493,2.783778014351451,2.467013822191074,2.415849702682071,3.6639764964035226,2.467013822191074,3.8727997753526493,3.349189728070761,2.1791867412012498,2.278255381320114,3.5696463519565134,2.8244767699825957,2.735146251026342,2.811642601363991,2.875059856643687,3.2582024299412766,2.35443644685369,3.1892614162576125,3.2935332570522347,2.415849702682071,2.976149470548398,2.582173822944003,3.2363088543228917,2.9291177041183034,2.1791867412012498,3.2094659968756303,3.2073214265705055,3.0549077655088577,3.4089480713212996,3.192776751691517,2.4896571547539628,2.9793913631058313,2.735146251026342,3.0456006263822175,2.7166344922037973,3.487644824861998,3.0122362270023544,2.3185810341210997,2.933101656476871,3.7066377422894217,2.9080945937752163,2.8181437113224397,3.616420962915981,3.0094445946031008,2.9626912197464383,2.976149470548398,3.0122362270023544,2.3185810341210997,2.9209365412246493,2.8800726293254426,2.8244767699825957,2.9979089971812454,3.0407910206970046,2.948377765112464,1.8192519889153542,3.120834107476792,3.2948977222500924,3.1458257750422343,1.9451993660736342,2.3185810341210997,3.2557046011618747,2.7981016570372215,3.1558602943907554,2.7685832511927932
GSM2445738,3.6298814720672703,3.606668110669256,3.501093032633585,3.571989734078925,2.425712532185798,3.4776804253416382,3.2358764817657466,3.098077162748405,3.4771076302893844,2.0391063070997784,3.6973207904435315,2.128604542454928,3.2901787138333574,3.2134749067687602,3.552282120879694,2.8261439665168253,2.75321446108621,2.6719597565741267,3.0496017729219256,3.4294582878295636,3.6015024692672193,2.353297483630506,2.602500283667747,3.366462287713057,2.3730350697080778,2.8508484689235485,3.687032285561742,3.2589131384474803,2.954896970008872,3.358338030537426,2.4706326508766168,2.5649301439358516,2.0865840963052213,3.6459841102940014,1.7540079369032302,3.845859784115938,3.416807888799895,2.8732500451310847,2.128604542454928,2.5748052402964032,3.18814926710908,2.4091308750995433,3.184559798632533,3.3091910055921567,2.4706326508766168,2.4091308750995433,3.116135748276914,3.0482006539665227,3.0935894735938363,3.4031509090836187,2.737821625679063,2.6579926226269315,2.0391063070997784,3.301898093901347,2.9674275126379386,2.899254113663411,2.8068259458688525,2.6852307747865622,2.1662077499828807,3.5889171400791113,2.309730772661807,3.8223446572717643,3.102470081024763,2.9125440026420093,2.509663185737222,2.619538023334755,2.20017016907131,2.829831011861748,2.2594172754264883,3.036649795632657,2.697867256827427,3.4396266790034353,2.7157484811168398,1.4792204685153383,2.6432587014507583,3.8653093104330734,2.7944631996960583,2.691624796820015,3.6392279683120923,2.5935708186995674,2.691624796820015,2.929955802203118,2.9612492710177207,2.6719597565741267,3.1655672325279673,2.7723870794415224,3.0854960777474796,2.6786782370835533,2.9151131788272244,2.6786782370835533,-0.34376817418072714,2.4091308750995433,3.280326623796629,3.1749104235986363,2.7902014169047398,2.899254113663411,3.245110363423995,2.3916060990942896,3.11409132324401,2.4706326508766168
GSM2445739,4.061872351302669,2.0697817405109875,2.449235416278342,4.008406558920689,2.479422832527279,2.6318566520078375,2.6780415662694543,2.824921954269099,3.5773683260287554,2.7719911402192214,3.561575522101835,2.5068198430586643,3.665993815755114,2.816851251915342,3.684018367295379,2.531866512047694,3.185148503479038,2.71737333365298,2.704907289474058,3.398512971138908,3.8461790610559112,2.6318566520078375,2.3780208994746777,3.3502470950337715,2.479422832527279,2.824921954269099,3.6556405242229375,2.704907289474058,3.067655597203388,3.4138192383140487,2.7406379952071207,2.751524661210887,2.415687037206671,3.499113163950103,2.3352055232395568,3.7844839619943724,3.0476467229271424,2.449235416278342,2.531866512047694,2.704907289474058,3.3321436775702193,2.554908899986668,3.8420328708185005,3.641001034810353,2.1574531568203974,2.227635851361442,3.2136867836002683,2.887499031779361,3.059309427014873,3.146261486796205,2.964775808368863,3.2574337042018215,2.0697817405109875,3.2667110399771886,3.0808735326940684,2.227635851361442,3.0564529436429715,2.824921954269099,2.6318566520078375,3.4385706823005426,2.2857879093316114,3.4834472371898713,3.0957099065150118,2.6145286940775145,3.1266895167204014,3.0415681236548058,2.554908899986668,2.704907289474058,2.479422832527279,3.0446289341026924,2.887499031779361,3.5109448865166972,2.9558607796927747,1.9546815171448153,2.691816860336252,3.5958166297930854,2.531866512047694,2.79091746274016,3.5283314615088344,2.7998677875767295,2.9051608838231373,3.008312701422048,3.0756853312435872,2.531866512047694,3.0222312558796998,2.931908228488941,2.9775186964245717,2.874941538136562,2.96036232729034,2.9816099808889263,2.0697817405109875,3.151782640320377,3.0957099065150118,3.1926818207982377,2.227635851361442,2.3780208994746777,2.704907289474058,2.6481480796407255,3.3589599155869436,2.449235416278342
GSM2445740,2.1592676566227995,3.855022728790304,3.351132176188514,2.8477332660160113,2.2718590679381285,3.546629935169693,3.661950599873246,3.5380292482509015,2.2470125273624713,3.6921407710348606,2.5332664526391877,2.2201830677346104,3.460948141702559,2.3738117562187138,3.368793741696195,3.3702708713952583,2.3165668038145073,2.336809801511521,2.422223657318286,2.754243683572489,3.2453272283817745,3.581709828627579,2.406912603004401,1.9932952673274977,2.2718590679381285,2.464016440833773,3.064690554312714,3.2384204385133355,3.7092339139718704,3.8501485496681602,3.627653377133593,1.79363810535721,2.406912603004401,3.5148816111392733,2.2201830677346104,3.5481602296407297,3.216633377173505,1.9371374164852206,2.3165668038145073,3.4636735400631484,3.524779880585975,3.386869627933995,3.823774117191052,3.7668932780075477,3.1036929245918103,3.265095067508332,3.4253256768712914,2.2201830677346104,2.2718590679381285,2.571659285669883,3.646590298692139,3.6631913872228883,2.1592676566227995,2.5332664526391877,3.0108523305678063,2.656126040757652,3.668437771658658,3.5267272466691812,2.953635581308691,3.5338261950162746,3.2044453603282808,3.186257932479499,2.406912603004401,3.1895162148075604,2.9832130906962906,3.6782559080035346,3.224892845856553,2.450717837778914,3.4401924473720973,3.3095478952620336,2.6355488059346217,3.1216652447478714,3.549340321982996,2.336809801511521,3.2960046159772074,3.6938633840483655,3.186257932479499,3.4910255227807143,3.7547306641384544,3.32215894181578,3.5050032633649546,3.580406556033257,3.6028695744124035,1.9371374164852206,2.3908019536680523,3.3357457925358873,2.522806139680998,3.0511775577981712,3.5508447677486257,3.2584312827727304,2.5804961428752096,2.3738117562187138,2.4767487734367784,3.6305093629868526,2.907855074301713,2.6813172624628305,2.704320130748247,2.488957590083653,2.887718765086394,3.266400007630049
