,S100A7,HLA-DQA1,MAGEA3,S100A8,DMBT1,MAGEC2,HLA-DQB1,C7,SPINK5,MS4A1,CHIT1,PLA2G1B,CD24,MME,PRAME,MAGEC1,LCN2,EPCAM,CTAG1B,KIT,CDH1,CXCL13,MAGEB2,ARG1,CT45A1,TREM1,TPSAB1,TPTE,CD22,CCL21,CD19,CEACAM6,CXCL6,SPP1,IL13RA2,CXCL14,ABCB1,USP9Y,PASD1,CR2,ITGB3,PAX5,S100B,CCL19,SSX1,BLK,CXCL9,SAA1,CCL27,MARCO,CD79B,LTB,CCL25,CTSG,CXCL2,MAGEA12,CD79A,FCER2,IL1B,C3,POU2AF1,CCL18,SERPINB2,CXCL10,CXCL1,SELL,TNFRSF13B,MUC1,CCR7,C4B,NCAM1,ITGB4,CD27,C4BPA,CD8A,IFI27,CXCL11,BTLA,MX1,IDO1,CD3E,CD3D,CD48,CTCFL,CMA1,CTLA4,IL22RA1,LIF,ZAP70,LAMP3,CCL24,CXCL5,SLC11A1,TCF7,MAGEA1,MAGEA4,LTK,IL1A,FCER1A,CD38,Response
0,0.28985955262628305,0.6344944293624388,-0.0012432713063110687,-0.3603199971349987,-0.9067158895450408,1.8437628559609365,0.07193749064868586,-1.2104337010367978,0.3045571102987117,-0.7672210020387594,-0.4654699524517119,-0.695937717467275,-0.7205029480226911,0.2351918210030053,0.34891339282038064,0.5157389887500549,-1.069418318522125,-0.7917088437259469,-0.8946633694942918,-0.7387288707202062,0.6156460299123239,-1.3959664674224872,-0.6307474946563171,0.3034260913148471,-0.6933084095815699,-1.247813323491587,0.5280374227121462,1.7598357568594072,-0.546928340630388,-1.0626940501270368,-1.6369920600141166,-0.913015070722114,-0.32588217032093325,-2.2193256231304153,-0.629396887084595,0.4681634033836449,-0.17582829136226022,-1.3895842647792849,-1.1878314428389676,-0.5728485676111736,-0.4432221785279243,-0.9657215733261098,-0.4627470566274957,-0.8894091385151254,-1.5062066796775837,-1.7924077354705876,-0.742941500244838,1.0919227010296553,0.7561551870261194,-1.2563332643080565,-1.3994380850647017,-1.2515361577199662,-0.7112293855708729,0.5719014207418011,-1.6097713092163672,-1.0585055645040542,-1.4124894746183043,-1.055656570772027,-1.3200029850567288,-0.24728314930963025,-1.5378175805597296,-1.1780656112347008,-0.36471093833676416,-1.0665140178199928,-1.3449372674740976,-1.235200792005522,-1.3543216627248231,-0.8331310751569486,-1.2386547986007648,-1.5375657214160448,-1.2791559654427695,-0.4836046752373296,-1.4015964828582002,-0.5702212842417138,-1.7959652748537085,0.019522944801278086,-1.1321063670710407,-1.3266322672229212,-1.7044611281989581,-1.2891135237747586,-1.9270296824520228,-1.355675042809359,-1.5300899763867328,-1.146134006994634,0.9833767053273464,2.087008526571584,0.3830399090258568,-0.7014679872233324,-1.5948788317790377,-1.351356518481078,-0.6298808244819123,-0.8145254328324706,-1.9561529440954557,-1.5443466711714915,-1.1353966876272878,-1.4453225892024162,-1.4263573610369695,-1.0561248105091443,0.25278855643097425,-1.6661919093167543,0
1,-0.7743479953826805,0.7722814544436405,-1.4938073836830026,-0.9127273181173142,-0.8937261770690239,-1.4231859179339827,0.4601903174496815,0.33426414968449264,-1.3963417045079485,0.8165402248894083,-0.15945497159089675,-0.4164284611804504,-0.5587890469030425,1.2465656105050738,0.5214218339440387,-0.8108511720446753,-1.1184193044482411,-1.0049764834988721,-0.6897737271005075,-1.4847911430076188,1.1753292131593276,-0.2537040159620409,-1.8588518513836407,-0.6887691388198031,0.2602786732016052,0.13709529793540198,-1.1056605319272428,-1.1241171125916318,0.029113208267223176,0.7524721612687681,0.4250895783790832,-1.0499491057201515,-1.7920033863310847,-0.20036505086005765,-0.1365093695658213,-0.6215996828442741,-0.9509910100016774,1.0147948384821694,-1.751219464923783,0.007786109537580852,-1.71088842229384,0.4429448062048819,0.7322454605842593,0.4419473745373048,-0.5251304081156661,0.5788421350581471,-0.8994264033044491,-0.8736450874394693,-1.3117307680702053,-0.2603901019269471,0.29395497314520896,0.1913300888034953,-0.2260839799795314,-0.9300262383421424,-1.406479742877195,-1.0370110642222126,0.2502320371247071,0.10910957335866316,-1.3311891173127235,-0.5713953201135284,0.046625805020557284,-1.3422747716651886,-1.3678120334332686,-1.0335297099061571,2.419926296518197,0.2642745820599313,0.15780169818010584,-0.5564738700782158,0.3916337770209262,-0.6729134254960251,-0.8652278896275604,-1.562370929059484,-0.34606064176339685,-0.15163571170085616,-0.9798923696844238,-2.0041370558235916,-1.0554554208236793,0.5634845732499418,-1.3601060314276636,-0.7410211397026956,-0.19208770537551886,-0.0018770669109441059,-0.02120654833078755,-0.22720308310479526,-0.701405647915349,-0.4161687765521304,-1.6129053916647207,-1.9214956530334641,-0.250393731952111,-1.7913694798976783,-0.23583091759259284,-1.052226641304735,0.017682609913909034,-0.0563912949709563,-1.5800972923818304,-0.5036523906555336,0.6763111529611104,-1.0048059035023622,-0.466651344289459,-1.0183231676152067,0
2,1.4295035157971616,-1.0026351623438754,1.2400627729553884,1.5517651643494124,0.7196825667716115,0.7809762754842247,-1.366172923992903,0.2135095344504356,1.3362467141964185,-0.9366269782237612,-1.377800403143366,-0.22843141886145796,1.2110696012545172,-1.1873777377198618,1.133407278006792,1.9566227805434808,1.8283198367649556,1.7677923139074057,-0.5215640812512806,1.8818347043786263,0.11122236875157876,-1.2405575391450232,-0.06356678922629996,0.3506740701534247,-0.6902477322952358,-0.6817185391755551,-0.15922853133788464,-0.7623272191665327,-1.6631485696636417,-0.6050522967892621,-0.9750430611612142,1.9406382649291272,0.994246803618154,0.5766369394271957,0.07857443953314219,0.27475777781617594,-0.8356450882382269,-2.175006529502204,-1.317594954845794,-0.7395332671656935,-0.8996896855718484,-0.9623036749781908,-0.27506079052575066,-0.9450201846488124,-0.7363610368186574,-0.7403360713911393,-1.1306944495416198,-0.7182348791733955,-0.9913167121328968,-1.6630287452255614,-1.019375961678959,-0.9466940025447926,-0.19903633066303905,-1.2081619151739948,-1.1983532387656786,1.0475484128693526,-0.8106817666365981,-1.0192458750798246,0.4687280561363572,-1.124828719657323,-0.6049619444544699,0.4855441161768545,0.9086135562432932,-1.0862861185703852,0.5828777164075929,-1.1427278692864804,-0.5778385490678098,0.4393358881555698,-0.8025640265978873,-0.5314437616819434,-0.7835921617101322,0.26394802458772315,-1.1075765560813216,-0.37209413342500497,-0.9025988108278912,-0.5931709968654603,-1.1432938555633745,-1.5986443219499094,-1.76209474508152,-1.6060129633856317,-1.0617017475661854,-1.076901526071305,-1.292251610697641,-1.9305945064485155,-1.0499827573677698,-1.5203692013357957,0.3362310199714606,-0.9833877041767728,-0.9308951598230912,-1.0041169053973709,1.1762621673082534,0.5493007759161673,-0.7404536537643399,-1.5220909475707158,0.29528796786227285,-0.7635730091415058,0.7721438494165408,0.2510362679456446,-0.24188531488225085,-0.8074172829454973,0
3,-0.8975110432535529,-0.7741258645722956,1.4579419241563103,-0.39738924410669213,-0.8647119144286772,-0.4087231453795908,-1.2402485534515957,-0.7472465151313353,0.5893162070174979,-0.6352498869781863,1.7647105481286496,-0.7060220507273863,-1.63925032433595,2.0953830240188016,0.8133631136267955,-0.3798169739234876,-0.8021747407746762,-1.0509349971850621,-0.7162111028343611,-2.2443561534777245,-0.2172513422821174,-0.2141826241072605,0.18760016953924136,-0.880654918017173,-0.6522722174409848,0.051733002783457764,-1.6315600200351181,0.08788366999311141,-0.5759180726682499,-0.939498720044348,-0.5616142139140201,-0.9454942404315374,0.2792436335698253,0.9787042863329458,-0.9113263082151236,-1.5011399378919934,-0.4407593242693645,-0.9051471485864132,2.284760604704532,-1.2306062607320765,-0.2151992906461216,-0.9793769506880984,0.7704148646093744,0.4564138329096719,2.485183317642055,-1.0991847564540351,1.7233921614287628,-1.0497575564522337,-0.6935376921935027,1.1556759735613331,-0.1656937803052538,0.5291126517580892,-0.8151780246895016,-1.3998906597882053,0.8891697094339491,1.8079144610805533,0.16541316144124402,-1.1918723843767265,0.30183668216031856,-0.37317441198774737,0.19639076758431664,0.8201159395659751,-1.8926862095008672,1.0625032185866226,-0.1432712606999482,-0.05049327833531827,-0.7722899167913956,-0.3777450207404786,-0.07751766466422483,-0.35156215980738564,-0.6853259609187086,-1.7972450856510225,0.5782089601351937,-0.2896151949483838,0.6119200846022144,-0.8248421342632047,1.2722821534698687,-0.06544788408931415,-0.15010475456530253,0.6577048793732281,0.6044583721029375,0.5231409402266242,0.9354378941284208,-0.5964492985862183,-1.32983751296378,0.9742765608721792,-1.6169392990753406,-0.6532656314126225,0.2920492133257874,-0.10520172305816004,-0.30276892997269705,-0.4873736063857538,-0.29141700004019483,-0.6754942788121057,0.7489849036361779,1.1630911148812506,-1.2676211214529511,-0.36303286150408987,-1.9798670513241192,1.3319306761744334,0
4,-0.6243476721738939,-1.1623352751155436,-1.2047932576570706,-0.5318668766940203,1.5303807802029334,-1.0004334668383594,-1.2291936149912122,1.6942714093483218,-0.6755132433177963,1.1785036436019642,0.6952076832282311,0.3331844573695248,0.6791919175104241,1.0374631537044472,-1.7657530435849889,-0.8229417060388022,-0.03660736154492858,1.1257780658508862,-0.31836696295892514,-0.049868158981888254,0.05993407737607219,1.192316449106767,-0.4293708924489617,-0.6247635956625042,-0.31859640524786964,1.0759761063937323,0.6083092233224615,-0.7630920861212576,0.8532738275360354,0.3699407232627012,1.1063449447577292,1.8568555830479732,0.24450348859000495,-1.1651175414362689,0.047893585477388166,-1.0233916592316064,-0.07323220861145105,-0.6608292294004534,-0.3533343559401124,1.2918284201685788,-0.5024551708988629,1.0615439902102417,0.4151747384597668,1.0310048241678154,0.04844959345798334,1.1274122096988035,0.41024445769670215,-0.7408991599438226,-0.3608561922739872,1.3599113318117402,1.0969906590110217,0.8652022575055778,0.06915892229310823,-0.5848022132827249,1.350172996166621,-0.5835896986554996,1.8086066440008903,0.28588837260805444,0.3366776822147443,1.447436194480358,1.8535078479217664,0.6277914605311322,-0.4611529696368176,0.5277382853365045,-0.2837337360323245,0.6194088154346633,0.9320071315585832,2.0690944512753235,0.6497595591103086,0.9973478424650812,-0.02197052055103188,0.960468151602629,1.3924524680326391,2.8990239917870264,0.6277398590901427,0.1703887148673884,0.7054189383034803,0.5604019025236083,0.5358717103188484,0.5209094210966054,0.7204074658012782,0.5626443608877751,0.7065874178411242,-0.43790611275947977,-1.0509908978933409,0.5382128548140248,-0.9693466161129454,0.2872744080672524,0.5995759629958632,1.7799727927885072,-0.5895044857603299,-0.05547032746085479,1.0217283534528487,0.6797264946676657,-0.5545422723344738,0.15223365030163624,0.18147998114823946,-0.7205067486337688,0.1789054193273931,1.5789842860011805,0
5,-0.9214327243331752,-1.039623590685269,-1.4331635810793846,-1.2702532507340472,-0.5584882201708006,-1.0500440539403175,-1.1350085757882864,-0.8578433535251951,-1.049090726145936,-0.16277653903339728,-0.7315063167245032,-0.2514628583827845,-1.512564268928425,-0.4916960436766942,0.9248740583007128,-1.0102313312847488,-1.0088518539415656,-0.7214716237872195,-0.5014264530620371,1.270299834574403,-2.2709758464191028,0.8617859725447891,-0.9025051344559076,-0.9090631252939768,-0.4241581076629979,-0.6470075967153429,-0.5784859429864431,-0.8795999744323477,1.2681268242120964,-1.1408631855380504,-0.6170474941206783,-0.8934868732395274,-1.0559825315572189,0.7547876153838082,-0.3158678027563926,-0.04571914990058179,-0.8858876468589582,-0.7670780815386294,-0.4778002737313677,-0.6656897219050926,1.3056755570321996,-0.5632014845355043,0.798144708557345,-0.508215886574721,-0.6610846416210163,-0.5736836316875186,1.2329051871378378,-0.616403770322548,-0.9131930181315776,-0.8009622193379379,-0.7105948579502772,-0.2604396320221599,-0.756352332076232,-0.4015936811208387,-1.0693952608991992,-1.1593175117570955,-0.5950145103946508,-0.783165671173514,-0.7878603758908606,0.15805412229644036,-0.22915776498399384,-0.7674048031532332,-0.7350185030065052,1.1598746037671277,-1.2440407084755485,-0.5377453451492399,-0.1924825104417493,0.2654017027149264,-0.329769820377949,0.09136122516474303,-0.8910399101524864,-1.648964919039969,-0.06623221076394825,-0.5775126744628993,0.5270039606859658,1.1003020126942389,1.1343113126351771,0.1649741444227959,-0.4172810942561793,0.8114902524781901,-0.019447849761302656,0.11808454646585985,-0.3645729738473881,-0.27017364625262663,-0.4575013434125389,0.2991758418787284,-1.0004440215534065,0.5465848527600793,-0.2225644560019704,-0.3108949292988652,-1.0070531320071017,-0.4869861491968898,-0.3498073193728662,-1.07068994478706,-1.2513346551740996,-0.5476862757704288,-1.4550211531005997,-1.1094012110466531,-0.8311748445942453,0.16979201842615368,0
6,-0.4528063163076792,0.7699709819397569,-0.8601284400337064,-0.6868708152580811,-0.08777835391235211,-0.5372430666052262,0.8057534386389126,-0.0892831480350898,-0.91535503674194,0.2499405691324184,0.7688293858608153,-0.08950938070624348,-1.4008886353029304,1.9673359547927451,-1.9686483806723232,-0.5360910878567718,-0.4931506606240254,-1.1318706598754311,-0.062467959217222015,1.1605160600262308,-0.20753240450166005,-0.612126566551552,-0.024830307631034724,-0.8643609362664146,0.5032964251055544,-0.09813190323895407,-2.3370734369115587,-0.4839544811814902,0.11110950996115596,-0.0324490076664424,0.2369422738196465,-0.16159953095207488,1.8896784030436136,0.5843655261819517,-0.6090942846692862,-1.333033686423604,2.148678106019327,-0.5962430390331773,-0.4281087907862464,0.4387634867516698,-1.5727040201253626,0.2713135465199208,-3.0745973676166214,-0.8351419421078655,0.3142653768287511,-0.23186440262194966,-1.0481277991827842,-0.7841461978395291,-0.2166166706179224,-0.0004949394361376859,-0.12325476993102973,-0.4508507045110753,0.4424410878116855,-0.6856412599294438,-0.7139111282940896,-1.7529125716168292,-0.11902787412060928,0.4284901313173848,0.09062024083856088,-1.8519931280044108,-1.142388729621904,-0.6266322973192167,-0.4972765319869517,-0.6867673107528821,0.8621545801552328,-0.3790673154607788,0.2956238658263412,-1.8117562286139643,-0.3995850821735964,-1.118659931767003,-0.3840309725576124,-0.7658927527469636,-0.4932141415852801,-0.2680343536563639,-0.3893274482832837,-1.0496508756221217,-0.8633721755375293,-0.07573966669401913,-0.4167172306709812,-0.8813046947474038,-0.6973835641039933,-0.6617805990069785,0.05307302386345482,0.25127119834234474,-0.42391321737921867,0.8044868278327154,-0.7645686787350409,-1.6424911647083689,2.00769805288286,-0.7011627011962263,1.0461625646376131,-1.2370690170017262,-1.2642341470535663,0.793299949959036,-0.5518308537659258,-0.8591374285896417,0.3535994954577061,-0.6079986518330854,-1.1195050565090356,-0.3177551257265865,0
7,-0.8364445937238594,-0.8951763280139385,0.4959242096518613,-0.6163699793719808,1.015130555944261,-0.8026572455183018,-0.5037927729183153,0.9739729093291014,-0.7445633662264831,-0.12721834827427148,-0.1582352107225747,0.6725529069165569,-0.2722459784129323,0.476522845759656,0.8541519363673641,-0.33837354137124304,-0.17811296108796168,0.7276067685587747,-0.342899335904826,0.05692282028894469,-0.7819887577907226,0.016847207382004084,-0.052478665893151866,-0.13804391755448414,-0.3893290624963309,0.9486369023694744,-0.2646479413954668,-0.5510664514206481,0.03558946194699205,0.5059604590088427,-0.3127795759069776,1.4697465766951283,-0.08844399264824099,1.3878915250574444,-0.0166619485731849,-2.2206868974468015,-0.2474730323578985,1.5561617483435062,0.02478113190129301,-0.06090418169499163,-0.6986749695877682,-0.3249561022807606,0.32785080946799217,0.4114111768446079,-0.5645307895324384,-0.391218412685839,0.9182912089800362,-0.7262976816529647,-0.4973211704188044,0.5886015990295064,0.14552787501248254,0.5677256246790955,0.2508293293307011,-0.19353817922056196,1.587451468714248,-0.05544617253595795,-0.1976294948072757,-0.5105979726192483,0.040751876053020095,-0.3276612784752204,-0.012530511351496276,4.957970029843766e-05,-0.42147405512991215,0.4483507765843646,-0.35562720069898524,-0.10898126449463176,1.574199092345442,1.4684598476124366,0.4468489111317893,0.6723756095691319,1.1383679203390142,-0.021254241646075863,0.5833794780622213,2.0388402571541016,1.3135839021874518,0.4800042321333058,0.6336732336537103,0.3141324645370709,-0.12862472258067786,2.3429461920630548,0.5268726970322771,0.28021390717453953,0.5203725974516201,0.3498574291909013,-1.0078784925566844,0.21565675989278169,-0.3770118009232584,0.43199204313731787,0.3110377528122653,1.2869107016676924,-1.380979084718991,0.2079692635286904,1.3683413018093804,0.054970163244027516,-0.24620005359527936,0.535844781095415,0.7681683861172509,-0.029986218178854093,-0.30254002107799066,0.8116910912087069,0
8,-0.7499238028248473,-1.07011779652627,-0.9933549978811932,-1.01221823344907,-0.5087417221652323,-0.6694515335012072,-0.8867677331964018,0.4490398003246027,-0.9605954446754336,1.0042244375148928,-0.8090132682351736,-0.4690656673874029,-0.5658460963248645,0.00011183719038167727,1.2116737916293492,-0.7524496592779107,-0.8038403793762194,-0.7435659550049727,-0.9009752753180958,-0.9764446999832864,0.9507281769737912,0.6764539981849206,-1.7568076693462975,-0.6744062738876618,-0.8485027896428189,-0.406489750104628,-0.944996301043116,-1.3391388157129596,0.3843096979550973,0.6664331622673708,0.9442070802323499,-1.4251774617218544,-0.9137368210901706,1.2912689877111976,-0.5753543237359589,-0.8317201473735808,-0.6927797418836917,-0.5456243451316506,-0.7230531363945775,0.13671190216473764,0.4646307803883781,0.8025403592574091,0.6150662705432643,0.9170293225849836,-0.6243637160054554,0.5925664034578046,-0.013669547890544406,-0.2567398178142892,-0.6511146282040645,-0.4754945491558498,0.7680245915347826,0.35721524175667596,-0.293773745167246,-1.0349760674436574,-1.1043235412156105,-1.0911432561048522,0.6547064222043648,0.9550906732924476,-1.0682499316216256,-0.3862980029418961,0.15844044654395553,-1.6769983128843111,-0.4467532891108878,0.16955952869592475,-1.3312482097306806,0.3525112393281333,0.563223553982177,-1.1379372751526784,0.3322794083272469,0.1127629508912891,-0.5645136036605829,-0.8704332180096609,0.23479000281241405,-0.7535604768587002,0.07599768125867461,0.537653799742329,0.7205134846017182,0.8765168482221851,1.0941524436899386,0.17209437217457446,0.2140908703219504,0.00994315596544819,0.03405793369366457,-0.8758273533327401,-0.9266778080425384,0.3666073181419128,-0.8443611169249671,-0.14122643114837222,0.1190703653205104,-0.418441985369498,-0.007339827511708175,-0.8237076583465752,-0.4483962220515023,-0.3851816517235884,-0.16336814530639282,-1.3743039387575344,0.2510977253002307,-0.652054109938067,-1.6398741975589974,0.1805225678454208,0
9,1.5706779576668246,-0.9221937135932072,0.9953465236688732,1.4753935842613948,-0.2907016240671745,0.739474824069805,-0.8375582875325823,-0.905692382248912,1.3912598444131676,0.3566156259206628,0.6144788574939802,-0.13413799562046935,0.8254725014838867,-0.12130679111495447,0.6128667219171268,-0.2745354085981492,0.7588303330011646,-0.3152981267037626,0.06682945304550142,0.3215714188153021,0.30703540379631505,0.36987985271184215,-0.04454967842886458,1.5029083832466843,-0.317869872326947,-0.6066090044521555,2.1984702171604957,-0.4030388919315989,0.901263688006252,0.6128742986180188,0.3265915973720889,0.5215024667536676,-0.416200906065081,0.13929431638142906,0.15693917838740262,1.343523577506453,-0.01620967191461049,1.1293565284855085,-0.1703937760402474,-0.2576098470158951,0.5886659999215055,0.08317641712232714,0.6063812738468108,1.1462839070374442,-0.11977021607748578,0.22682144205677396,0.7243853404381234,0.6420796436797827,1.5629428400602177,-0.4553753186634543,0.34661905427731193,0.5595474137225694,-0.3044483997331998,2.3088519509975227,0.25357228709585017,1.002323900404063,0.15436126085174615,-0.6117864329932748,-0.4562455939216745,0.16867107027829914,-0.08388134822859647,0.6178696375646282,0.9712382936435784,0.6279375762601087,-0.3277027859125745,0.4533255521196652,-0.5023017191040073,-0.475522094852753,0.6397659914441238,-1.0373057390232183,2.1002339296208827,1.473443344116809,0.2355944074725593,-0.2380130468634717,0.9021044141716484,2.013433464550011,1.034532090340716,0.16346481814193914,1.6626237324620492,0.3762339062656268,0.5318837036047738,0.6196209193036318,0.0909047957646197,0.023218169344537187,2.359821741160647,1.1087020307661442,1.1183962841484767,0.6058448481762428,0.4210090906769201,0.9637461997412016,0.2705668793628256,-1.4678347828602762,-0.05416267445690408,1.2648356172095845,-0.0739646126467353,0.0635526306812274,0.12696161334377098,0.5225129715824611,1.5241404826119056,0.15918083069906752,0
10,1.2704387407910072,0.33116956650679,-1.626325719500992,1.0752681371450434,-0.6501847776643301,-1.1766127643155886,-0.0903498926378862,-1.6589392569098396,1.047997532814177,-1.3034055602451906,-0.96388110490946,-0.4622213860151094,1.066836071359039,-0.8810121324673669,-2.098917856267219,-1.2725193668080752,0.1641637313027862,-0.271502161469034,-0.6278208686796025,-0.8271050086023518,-0.06687834259643946,-1.5368578949486844,-1.0725049095764116,1.0134682065386114,-0.6472549117827693,-0.4094085023226373,-0.21558746492163625,-1.1357051432336234,-0.6108772544103678,-0.8869677931503458,-1.2514714783847292,-0.23652343343081736,-0.7302880526616213,-1.467174990582761,0.6273654393592287,0.3037865282666151,-1.0845136542959612,-0.0535449743765674,-0.8768747782718553,-0.7025787735741322,-0.5603325292238106,-1.845241535373496,0.5187162681245809,-1.4393909927606419,-0.9709243512351,-0.995652787191629,-1.8288040017969809,-0.20933598217923435,0.9990920088442482,-1.76930862103001,-1.6319957852014435,-1.3541012721327013,-0.8167799997971205,-0.4870023755928539,-0.9713236354528936,-1.042191754685721,-1.2842707821611112,-0.9789897735438546,-0.381677852119358,-1.5110812931846782,-1.2485586084694635,-1.4271163889856944,0.4637518869559524,-2.2663689870405017,-0.7807893263114879,-1.4189319511529377,-1.4803635298104385,0.9900335627893566,-1.5952066783339731,1.442200986397854,-0.4951062353002304,0.5701970364647337,-2.264708339588652,-0.7002650876569733,-2.071096547581261,-1.2380415966986158,-1.6307857834758874,-1.7632050127437746,-0.8458045386877674,-0.8112878089719578,-1.9750556238771035,-2.184953619279803,-1.6610046213070389,-0.6564125553528678,-0.6123326075360916,-2.124122753807831,0.099481520481463,-0.2878516673321831,-1.4905663724144094,-1.1765366068791896,0.2682840460507133,0.4239223621314351,-1.0172767361878063,-0.1370418244132004,-0.8239939516468828,-0.7582499578774615,1.3698479269004744,-0.8839901644588226,0.25594027162756444,-0.8653700515179947,0
11,-0.7484567903552781,1.0662627218806249,1.0717282349523418,-0.1902918652964951,1.9528655522299048,-0.7685794387569026,0.8405023629224901,1.0437271609941117,-0.4795913768453474,-0.4882200746818336,-0.12102940468223505,0.3028963033611193,0.2102963177706811,0.3267299475251436,0.9912939004824002,0.017261060371064327,-0.011876573792921782,1.1494893212738824,-0.13156003670748934,1.2949398726930246,0.3253249310995128,0.3583036657001772,-0.1116740603258341,-1.1751610854848151,0.5241777797949826,1.2473342726260683,0.4506033597891333,1.5792709627012016,-0.7707933171213233,0.3374594264434049,-0.4770914746150089,1.8324705932347587,-0.3688010965776241,-1.0647978100359434,0.22331085244340945,-1.3176214663503891,-0.3555983650382833,1.3228702031055248,-0.034979286872302166,-1.3756144660071108,1.0765085666968526,-0.6224260527235462,0.0897934517543801,-0.2744428163393904,-0.6974258624747467,-0.3513161546056717,-0.18379739008840384,-0.2491530592702283,-0.4112744341544393,1.6586330276009107,-0.15942017822538898,0.051709089982607065,-0.15807160380494167,-1.0129467112346555,1.2202583798085531,1.2779086739327632,-0.4102099609246683,-0.5522773899461908,0.16504793113971478,0.43473776420680704,0.007683366076135144,1.1867057906930203,-0.7533646775853324,-0.6263303744840834,-0.5452317366836472,-0.6165305640478574,-0.46658362484704596,1.7751991217875982,-0.758649995624734,0.7354177987446523,-0.19479483076786855,-0.25326679416843473,0.12189362948171495,1.704740865362696,0.8849015746319759,-0.29925908155660125,-0.7258275440124183,-0.2983245113750569,-0.07909014022971493,-0.15488808355201908,0.1759967951025321,0.38503927231105867,-0.5591850567811524,-0.13100712255741453,-1.5327320860118396,0.16632188457523106,-0.8258963975455941,0.2166198127493512,0.18585799329304986,1.5531835271618593,-0.1128281283916965,0.5377835196822021,1.17018488417289,-0.16151411950250846,0.3955092484055432,-0.7156630319830412,0.8396169176209697,-0.10625699251302574,-0.04465382654453498,-0.08707112540114563,1
12,1.5735691116652235,0.9795642167928036,0.6708564607695521,1.7283026365926613,-0.09165110566820038,0.6285688864011177,1.486179420972464,-1.184485184408208,1.3805516825259776,-0.48629800527844197,-0.4382181578893216,0.39503973803166903,1.2463266520370433,-0.28271364644655905,0.7014056631247211,1.4900751087145792,0.7581234758055491,0.4360055536956509,0.09689529836985124,0.689089369896023,0.6047331949112018,-0.3006854470761937,-0.04672198659001185,1.650381057992372,-0.05852126207589067,0.5218060430946841,0.4452509883496992,0.5840797858712976,-1.1300442447765149,0.4413444844798185,-0.5351646296867729,0.4995371942856469,0.4984950985400205,0.5089409957258233,0.25851772321633315,0.6382005630418606,-1.0434698438818566,1.2744754921806745,0.6366788914486115,0.23879040060213105,0.59633293126717,-0.16931987183215724,0.5667478318968313,-0.5266335079387349,-0.3190653018195797,0.5614293860517352,0.8200961716574906,-0.2504926375357861,0.8787905810617858,-0.7615419668253295,-0.3707481073610994,-0.14399967639864247,0.7361449970601087,0.8061370229310597,0.1389329854799118,0.0052066139102118145,-0.8791811704441538,0.2615294054303956,0.9348225780727952,-1.7346893061523636,-0.9332446155677036,0.6989245945267789,1.657474687161876,-0.32048537374071795,0.5006180141237512,-0.6405831155726949,-0.6044042594728541,-0.27832776201392617,-0.10374944369022923,-0.7247049284725334,0.08226329623302099,1.670032933629093,-0.2969465879641585,-0.04676511328122295,-0.4608210326702418,1.02389825480346,0.3750505937004086,-0.5712243482491818,0.7065722961644936,-0.3616012697140822,-0.3920481224606181,-1.0270888304443444,-0.9994289099914866,0.6446104872904839,0.4296317843441589,-0.715120960383558,0.807714609941019,-0.3216118861224997,-0.8195931989834152,0.3491485464333918,0.4428762804452769,1.1804303841160178,0.4655472191650819,-0.6389381342074413,-0.31810266003554905,0.015462350263003712,0.931507381949286,0.995453586421296,0.7708348143992778,-1.1050758767599054,1
13,-0.6072201226017688,-0.7238362274417525,-0.0864462598504998,-0.2777328182623874,-0.28739919810778924,-0.53876062278156,-0.505985942283363,0.6571426711533717,-0.5546237890744123,1.6804274446047298,2.269390831247797,-0.15477928237354868,0.32732069356002297,-0.8853632619905999,0.12308695071341128,-0.3185153398918542,-0.5353954793676293,-0.3388339991560957,0.04326253953955513,0.5476446827029149,0.11967963480320185,1.1797082689104226,0.4021301987042265,-0.4111147723810858,0.13658772155058038,0.5935950165371362,-1.1254879798516069,-0.3404343291155124,1.558503519417,1.6315956143153507,1.8320473475452008,-0.27132806890520056,0.08078006521329008,0.9058024475824342,0.13051910081576648,-0.1428108820083798,1.488575726909374,1.260030685790697,-0.13432554632732238,1.6422508835566583,-0.7169014106091475,1.8175837898381813,-0.2176758126830008,1.6119491250351432,0.3119368867008806,1.4620765098146613,1.2387241782937282,-0.8225447571988951,-0.3229911453588799,0.1957612320349548,1.8166138089415085,1.5691204528927976,0.6823127147935537,-0.7132922766577109,0.3958482269449511,-0.033702065333066904,1.4828151646302732,1.902129352492814,0.7682933873960165,0.5349013899367224,1.433336212162745,2.1487158688731776,-0.16367763021704315,1.267883962613323,0.18386599921535066,1.9710704133661636,1.2193428113151592,-1.1283072587390794,1.8045595790159632,0.6832521806134058,-0.4713872882850637,-0.8078986833327256,1.5691446345022648,-0.2707347233170336,1.6414503615984766,0.5356692414772201,1.067647786664936,1.5666415724699168,1.5991053860962718,0.6050579508357916,1.728211628001031,1.6249991870870792,2.023948208720649,0.15356866142769374,0.28484880375992266,1.3562404233613528,0.5641873622592246,0.1872242736443711,1.9843028608260465,1.1175279529499198,0.9473099036683472,0.5006374620828448,0.5298937087911516,1.4707131069871024,0.2873366684556699,0.15209201727387153,0.6967912160540723,-0.15846077649531767,-0.6006186273726251,1.6005487657505828,1
14,-0.7787617991899041,1.1511750667009752,0.8295449521424281,-0.2398047748613909,-0.4916688865685895,1.3733906911384712,1.2032907431654032,0.05041537269325695,-1.2642416720275371,0.935358029039978,-1.0566656316209215,-0.5624071941504428,-0.4371888765438961,-0.2420020364448344,-0.6607143835602516,1.6853372861229732,2.647900955059193,-0.6639949202486897,-0.08660416465711437,-0.6537800208510856,-2.1601782164422163,1.084621283983688,-0.058183247109318735,-0.4842886640972475,-0.21402143398949872,2.48949962922372,0.9708166684368504,0.9200493163632176,1.443124592421406,-0.35143094184526724,0.6665664050915612,-0.6138613579391081,1.817280560793353,0.4178269971011692,3.991223324207357,1.3633546411801745,0.016545231706205588,0.9114835712126884,-0.34114267493779377,0.6563844879337436,1.728625693586798,0.7287345629898561,-0.040804451419371016,0.8881391866730115,-0.5572828721142908,0.7798904424391963,0.4297613089987808,2.9981814888698293,-0.15702202568885892,-0.8836210428388722,0.7139236979286234,0.6271079423083005,-0.17450416691652268,0.7461766841417322,0.742946897596028,0.7844506970819501,0.4781645102396186,0.6150805851707253,3.1256725916345225,1.8032620328530256,0.3190918737544421,-0.6661788865127647,1.8247251535088531,0.8749087162289744,1.2262786883764598,0.7123110647378967,0.20790194309904367,0.07432635263027566,0.7427995938902386,0.29669412432258,2.064682380482132,-0.24517680734307284,0.12991515354619218,-0.5171538888852392,-0.037156379867616426,-0.060642365204835576,-0.21017250317398647,0.5920885998018491,-0.2789537328796155,0.4854346989172643,0.3850388673344885,0.4115439974104617,0.5486701766829484,-0.5870966896348695,0.7623319149965035,0.2648261221773141,-0.7521177826373842,3.492380007670409,0.3198061084013237,0.7390683962000265,0.2608045536516954,1.067462353103995,0.7168663189711886,0.4606676804637301,-0.17801400558645536,-0.2326291946780493,0.6000563273385202,3.8264740800564248,1.5587074521114157,-0.11623165647028193,1
15,0.9658367415507008,1.5234101847023058,0.05836599863625001,1.1481588191455314,-0.4189990465605463,-0.7722617334452624,1.9565737393304024,-0.8351415181128031,0.5807411654151928,0.028259551947044388,0.6086050611621199,0.1023668321791699,0.19105821680723412,0.7834144339315736,-0.1198447689944367,-0.6609175749970899,-0.29928450113629457,-0.3494291209700673,0.1236194201370843,-0.3584468316285471,0.7158432619074929,1.4374693278662032,0.12425683247632185,0.547780372513778,-0.6309514976129217,0.16135549203933205,0.6468489739425339,-0.9854157586832132,-0.6267781791252265,-1.3207551055151214,-0.18166124967940367,-0.7400663350536799,-0.260253329881908,0.8977116839623289,-0.3457161171809114,1.2578907182618266,0.15115021125568853,-0.5335854839754682,0.2331031585628519,-0.4531222321818857,-0.3612480041388123,0.11527700080214763,-0.7554453768043844,0.6785051246788211,0.21234351631748075,0.05761653757033613,2.0754783991975843,0.8377937798897994,1.3045772238211173,0.16432051226947791,0.3583803529272759,0.6760103872014009,-0.11890346705324388,1.1029447102886971,0.8599574879293637,-0.575452595665366,0.4213421554252119,-0.07520318639193523,-0.19348525293214755,0.7647211170027312,0.7421954856587272,0.3337814908956813,0.461913320683991,2.282470164806078,1.4203901598465147,0.635880122584017,-0.2978554036043836,0.7074366379277737,0.4427163480941464,0.11063956756538676,-0.3995890879740697,0.5683390688024798,1.1519373562578386,-0.03349578139783633,2.074192394807098,0.9866450930999932,2.227006852956764,0.7976506993191416,1.4530889499321338,2.15344697592872,1.276562720839023,1.2798264991519634,1.124604728372368,-0.0721187318735131,0.9035480443927476,0.8979145394508419,0.7793952872213658,-0.04722683451688354,0.9694104410008264,0.3043351551182368,-0.8066667764151448,-0.04205442422738779,0.8298651316595543,0.5280632036135147,-0.6766859350929246,-0.13875358351593625,-0.6281765583436582,0.2358901362780438,1.145347955922681,1.3350021043878553,1
16,-0.5792079416549456,-0.7882646801834792,-1.1582889227300854,-0.3031941535460929,-0.29626465052152445,-0.7091918010710235,-0.6061959311932418,2.161957604122549,-0.8992883008048449,-0.8096791116841779,0.33983833407920694,0.4428375881804998,-1.3779884032761192,-1.0098022098526804,-0.8013580655705768,-0.7175173595587518,-0.2799095849447751,0.6100570949688168,-0.3566326909611425,-0.6942078403490474,-2.0192034171093027,-0.559419258817379,-0.5220358585283915,-0.3045594842560515,0.2692545925965859,0.5743514279829066,-0.29550918446529584,-0.4943654552166372,0.2712483117193849,-0.4538850741394808,-0.27422633426545523,-0.3138357366629129,-0.3662176099978281,-0.4574645085438589,-0.9388725211267722,-0.7952955045643736,3.0293986333899423,-0.9796354715134176,-0.17880529799220835,-0.4002531801381231,-0.8004571424636238,-0.4705632180042525,-0.5962814866443588,-2.1433901121624683,-1.0778564106918698,-0.21949646131636366,-1.2444067910798011,1.977328648135035,-2.2010292909452307,0.9115330316655036,-0.4949931264917893,-1.337174749156074,0.020957267605740185,-0.6429896401738392,1.3789023488213459,-0.8030465830567279,-0.22193793055697944,-0.3426395054060298,0.6711031519903744,1.5049356428376492,0.155349266874812,-0.8065828307898882,-0.5503580566370886,-0.08868720757230372,-0.5940592744187908,-0.6016664260169751,-0.5309643197475942,-0.16124393916300814,-0.8859528003962175,2.8645920967950294,2.4502592579920592,-0.5809936704034431,-0.4934787887143664,0.5822910647870745,-0.38500093889048936,0.6168006613235556,-0.8299577576154821,-0.7497885898712746,0.16420789997683982,-0.6454769570078297,-0.571466344418475,-0.5604521127831787,-0.6287779435428876,-0.2665400043033077,-0.5397273287533254,-0.9810587668808962,-0.657423161665587,-0.052766771479892484,-0.9060102767088349,-1.389625102874128,-0.4789999930048417,-0.9258465509256928,1.5767325759859399,-0.5188361943063569,-0.4690083846390946,-0.5439627180503562,-1.1031799815922885,0.0528532349706475,-0.702910246992832,0.4273728669442092,1
17,-0.9420623159005226,1.1026516704462104,1.1340298270111844,-1.1193430785291971,-0.8930411757969239,1.4337109932294319,0.6401820265556484,-0.7051464668012835,-0.14702779242897182,-0.8964144684487857,-0.2974277037295698,-0.7960370168432824,-1.5916551539195345,-0.7544947972696043,0.5011123892769422,1.9813231983758977,-1.4541530520723702,-0.3063003761231763,3.228239056674536,-0.7923802889772121,-1.0806770439311524,0.6645985195843475,2.7419267691285216,-1.2795076854624032,3.2886036020357032,-2.559859324843696,-0.7457197685823506,1.9516000534983773,-1.805452636217564,-1.8698388084973647,-1.0526703223154554,-0.9290463102075176,-1.7910098837317323,-1.3844597818835138,-0.9525346585873126,-0.3391926295285396,-1.1077945563225138,0.09151815577116798,2.0904662711270774,-1.387212810365481,-1.3518536372024463,-1.0229727271404483,-0.6741280622563488,-1.0703364110976994,1.4190319975399597,-0.7816172622666759,0.3530051440598879,-0.5917349417954595,-0.6792946175450169,0.20344887785322907,-1.313207272879614,-1.0512475910006045,-0.9623739848754596,-1.0604350167954646,-0.7065384354265833,1.411933108176201,-1.2339335722543043,-1.4550679677031564,-0.8804063626360648,0.3423128078570498,-0.8960977285466998,-0.2390161386924489,-0.5905178325878498,1.1022809768637312,-0.4475241393249548,-0.653002524113686,-1.319969319592987,0.5162768013707539,-0.3349650334174504,0.23566271422796975,-0.4093280626248035,-0.05357620062796981,-0.20861261657569347,-1.3564215554825976,-0.06327213426736555,-1.4444549801657,0.8619316717973525,-0.35975496438479754,-1.4622484892581966,-0.11911537780925127,-0.1019705207282089,-0.056712505752698074,-0.3489925495813445,3.5688252126916105,-0.645514236371385,-0.3283887478960782,-0.4609374690543832,0.2897688966758169,-0.4757705811983215,-0.7271640700431891,-1.069629273208158,-1.0976871545092952,0.2543452426781271,-0.21658695829928845,2.832059058653985,3.497243675827902,-2.3887108411046665,-1.0034840012003163,-1.864571903111914,-0.4698576380261858,1
18,-0.8378034783384353,-0.7587244184789145,0.5796183684716927,-0.27583022765387416,3.285904909905723,0.5950217824526413,-0.8424285400334975,1.281330859023586,-0.17592311679202624,-0.3496759653670772,-0.7688528790748578,4.52585586508391,1.7393937376318107,1.659973091097019,-0.40692734269354996,1.0243715785842975,1.41331935021545,3.328968488124525,-0.21279197421724236,0.10390244228661147,1.0788114713781518,-0.4966611165358901,0.5765765478237523,-0.28758364447146806,-0.5408294661692721,0.3020916761782507,0.9642962473494288,-0.5647541331054392,-0.6406101473305711,0.1496318498188871,0.3937966209610616,1.4107388564592107,2.3422083014201687,0.5243841256822784,0.5712957684223768,1.2238838316820941,0.571906781429463,-0.7274509717996609,0.15460063782191996,0.20919191778816934,0.5328995963768425,-0.5816650970411522,-1.6262740664922346,-0.6524047997124799,-0.3155176630667181,-0.21803609919202604,0.027178703861609612,1.1165116713230137,0.33696230134320265,0.2206913843258767,0.21121393059786955,-0.3333670721601134,4.4321416830336835,0.6611428347512158,0.8019403017074269,0.3491165087627429,1.0176375160080795,-0.1047355845344834,0.4147588688467016,0.6518722368364231,1.5685036454506491,0.033882490566303436,-0.8742639462292948,-0.4285265892988584,1.0453011731338149,-0.5990145120407107,1.036037596780683,1.7721154763807516,-0.6125874790826699,1.3325508386631937,1.4054888862814074,1.5750640569628045,0.6804100765970961,1.3063060326748732,-0.07921760497016267,-0.34368242913031705,0.08949341888192155,-0.06883235491087017,0.3581654679459457,0.5423021079237355,0.12182763336563625,0.1240465215857836,0.3153532871423428,1.206487770276748,1.08603230508472,-0.6400751718650869,2.639285038094996,1.1313263090382455,-0.3425045780677062,0.10796504547401048,2.229907247792132,-0.2193647606808261,0.5023833489700461,0.0925145306659962,1.865590750955136,-0.24572258819174214,1.0094756458577472,-0.1323831692869819,0.3574009076533285,1.1026191885777954,0
19,-0.2445386031012269,-1.2613596637726856,1.3587625403475414,-1.171232934148195,0.6604191560368191,1.4661388111730056,-0.9253010987971012,0.17910500773697846,0.3581093929419573,-1.5098538054263937,-1.5812432184656775,-0.2700053901336041,-0.7991495782506768,-1.5474400500430363,-1.8857521162986504,-0.07702611374896122,-0.35377675970970296,-0.4381223325353197,3.0145261452068928,-1.0929505893089568,1.128483486120572,-1.7229690487163454,2.527440046555229,-0.2558907644484312,2.954493698225837,-1.4049739490174091,0.4537063332413986,1.5051969159370195,-0.2760142761732041,-1.3071090114799853,-0.5943032624720919,-0.3356516864129726,-0.5158064153557903,-1.5066447381781374,-0.22929449620062106,0.2633287822378552,-0.4252771649586386,-0.6071879102042574,2.5011995620082046,-1.0975355521963277,-0.9787701255418252,-0.7951044413296321,1.303143681878399,-1.1908601980265252,2.382696672763875,-1.4666325281727093,-0.9858580554720336,-7.315085436721681e-06,1.2364049406790707,-0.4824466100053233,-0.8497637891459677,-1.5653603121348856,-0.3237347767483315,0.1806193085920849,-1.1605848851239065,1.7576043140094464,-0.8802421236403566,-0.4178196810601065,-1.3913981871287533,-0.8971565264480572,-0.9841853419303896,-0.3963660352644546,-0.12939618572680475,-1.1722017479223472,-1.3951768719739408,-0.01071378175544151,-1.0529409652983934,-0.684983092328628,-1.1877388296632352,-0.7997044781879207,-0.8896726266810631,-0.3409762800270015,-1.2194909628138242,-1.306679049716298,-0.6822120473995819,-0.9855292810008336,-1.3386800934225038,-1.6043817447833317,-1.478336745921084,-1.4053914428996959,-1.186907616964175,-1.398783672373178,-1.1754649346850463,-0.6599371463294017,0.1692802223132008,-1.5868036230817488,0.5698538140807459,0.8042414727151422,-1.0348147677683521,-1.1564759706466927,-0.5074943446268865,-1.1834158729809117,-1.7573667309710967,-2.127118145970733,0.33548699783236924,-0.16498043942729956,-0.9458005186219084,-0.10413535821473137,0.1667838997459818,-0.6864776607121961,0
20,-0.6911782757983919,1.1550267005508494,-0.6057107528738089,-0.459651130672992,-0.7933732000078009,-1.0718407242085288,0.9330152512756036,0.7941008248159559,-1.1209289000060088,1.9974719976894952,-0.039416224319771015,-0.4904298256743849,0.3896468629651415,-1.075273815446827,0.2311710516250295,-1.277775903741013,-0.7239459426517918,-0.7784784240568822,-0.7742637967949458,1.013986333632236,-0.017991787939720817,1.2674979887520992,1.0243688907106103,-0.7917778942998009,-0.6072277086314042,-0.6770228160350612,0.04695669955592514,-0.6050495194466723,1.4897184563545582,2.162886042886421,1.9431010243052176,-0.6092115098107195,-0.2352847303710803,0.04470821575438462,-0.5675035611524387,0.11891302600576747,-0.20762695733898898,1.139761285886632,-0.3118005684898216,2.168606336735151,1.4362141139590456,2.0088764307677813,0.6736633600841287,1.1698385513430596,0.12959921768116034,2.319782990615032,-0.4645516624072727,0.5661767422692106,-1.0055972697865714,1.9518693072841364,1.887072508257908,1.9107767875501136,-0.16924470943064168,1.3151869161224297,1.2946198573597083,-0.7477792135223363,1.8743323093311888,1.8369547394017491,0.3888694620238073,0.1841100000394292,1.7642051470036098,0.4355557207762505,-0.9231458405573856,-0.07691523764055895,0.0891280037475442,2.0198111717664657,2.22825240389263,-0.5193791862724233,1.9173438318113392,0.4524106171732808,-0.6270933286282047,-0.7787229584533053,1.470055725376071,-0.08898451440962381,0.3164585613272726,-1.5163610946544848,-0.1135576510758281,1.6866659791659082,0.30659105161835243,0.3106034456152466,1.5081934285639689,1.6402681314316072,1.5736000346053591,-0.2557237214706635,0.19570673128968086,0.4325263489098071,-0.4338486733108223,-0.6017666387542853,1.4006229281691185,0.6011299579681263,2.0000127535810317,1.6222934703890497,-0.9708394282680816,1.900894443234916,-0.5996298315300749,-0.14068238538226033,-0.018303132366700788,-0.37478336794100653,0.09672995411355603,0.8812541957159569,0
21,1.631074897688754,-0.6466383847800944,-0.7683929150681914,1.5287166386995306,0.1343821272631116,0.08843968041484393,-0.5547691614255764,-1.4292031891408137,1.4481376582417758,-0.569574861708915,-0.4024154954680511,-0.035577793516568965,0.9307805935815096,-0.16608470759699204,0.8311750951131955,-0.7477142172719929,1.2821972841528615,-0.022902430366626952,-0.0008922897474953963,0.26947845732193715,0.265153831613658,-0.2078796705420722,0.1088895959468147,1.500502370027883,0.2801306191682505,1.2088537178413759,0.7652447523472538,-0.2433370609579499,-0.902771597103045,0.4557473618979514,-0.4227451299403732,0.3794711267034553,1.0877056930608195,1.5047675978166637,1.6521190236575236,-0.0037639787446640213,-0.3927978279584727,0.5629393289529327,0.2737981957694906,-0.4182660075937655,1.7074737609617998,-0.15904278969063287,0.8958032176230587,-0.2744417516251151,-0.3086908948891898,-0.3876842082443624,0.574810699355464,-0.2118536758870813,0.6015642337856231,-0.484440072233523,-0.527090041688818,0.21938042894435286,0.19998929397425105,0.9527646741607338,0.4583171894039848,-0.21361584641522602,-0.679546233558969,-0.3069555979765237,1.3955775176917344,-1.3910242618676332,-0.9218726195293084,-0.5207740589999541,1.7278450499285627,0.14541519699748165,1.501296050647797,0.27795658088646624,-0.1997421581914248,0.14069690215165362,0.05738922255673405,-1.0506039921856751,-0.12685408893269834,1.1848552808507142,-0.3360128195480581,0.2423080167649781,-0.22458533086684665,0.6525102473720253,-0.1630280497251786,-0.23584661214628014,0.4422586335476926,-0.062080411029414015,-0.21426861719322948,-0.4393880089369172,-0.4862484758034842,0.31955213344694555,0.8350728851665326,-0.6866820590629144,0.6194205350034723,0.14449460939666187,-0.5063300122827851,0.21978303935912555,-0.43843002956391947,2.0115040916246105,0.9872987909183152,-0.18359829027075186,-0.7373009814768331,0.05663247944917875,1.1516577151401286,1.2090860340708394,0.9393200204874872,-0.6394194690274992,1
22,0.900983562046272,0.9941005595665704,0.8395476349942851,0.4911920319005735,-0.3838733905395217,1.1564577048684972,0.7501774522923529,-0.2548926592677722,1.3116380994335908,-1.157274785231768,1.7994040443744497,-0.5399572252730676,0.15629620297487268,0.4504900743405371,0.007259660867616406,0.17565562427758818,0.01984771431265214,0.08943301590179205,0.8659586165772363,1.0574852302494742,0.5152717407063612,-1.3620635407514938,0.21015124569195304,1.945390746993932,-0.4015881572439965,0.09282013285577052,1.1914836833586306,1.2658386237643555,-0.5399235472138258,-0.09972029038867354,-0.9408526052372232,0.1057600822167613,-0.4717309220117823,0.021958617429026092,-0.9835767780259308,1.5066783472859753,1.129930436766062,0.7821976851394029,-0.31127327129634186,-0.10122270430700003,-0.11259504643531808,-0.2710433897111238,-1.9699778462469213,-0.41923982110812497,0.2184963325652282,-0.14118367474449614,-1.140181156983889,0.42545121359767335,1.6149482708170373,1.4421017419599589,-0.8882615651891695,-1.5558643494051796,-0.3492894154431417,1.3600815308449974,-0.6392216526728792,0.9628234150351744,-1.1630383903426766,-0.06057169429040728,-1.3531003968582072,1.1180816597273748,-0.6774006159364129,2.2784026748851978,1.3557555645156343,-0.3086140439622645,-1.3644514631396705,-1.4697168210467648,-0.7965325875144024,-0.31473673784682776,-1.039453808305502,-1.0808753177056505,-0.17751321095327752,0.9656473016494896,-1.2315846073329295,-1.0845749535070923,-1.0633610873407389,1.5734846416005281,-0.5117548039271943,-0.6012279456077119,0.5630257321384392,-1.3084674144689068,-1.0422007090708594,-0.5936349615298279,-0.6611235175725615,1.1840138930614998,1.7089356602525303,-1.0177276296950004,1.5013810792146167,-0.8510574227890773,-0.9382019463673114,-0.6096980098373972,-2.1699811328473984,-0.1286300569156956,0.924866955968075,-0.0691938184651583,1.2158543419741308,1.638268846849232,1.1066577928204362,0.10595577359312196,0.7749435767054559,-1.4613188914380228,0
23,1.8010063748812182,-1.0010562849037288,-0.9905849055114359,1.821289986990296,-0.31565874738521205,-0.5182172957508552,-0.30901509399926097,-0.7752314528416125,1.5968923415933511,-0.15104883884377646,1.36841300480634,-0.0413780946992886,1.2740707583861686,-0.4436970796345379,0.4640151203669238,-0.3635552786034078,1.0385690761745434,0.17782722110180613,0.10172903539687496,0.9570379912186896,1.501291195417649,-0.8805863342893753,-0.18818617657751727,1.89291015808622,-0.2187260266726506,0.0328601602957887,1.0613214724805795,-0.180236189535128,-0.2410866657345724,0.09246053814662424,-0.3903078173101157,0.5009215720167179,0.05660297114121347,-0.5670513404703565,-0.16888550071833,1.2145513190844286,-0.05199395592508699,-0.14631618869972973,0.4024550685754089,0.185566013201024,0.3763408519812871,0.019858752443847643,0.7364193644504226,0.9126583041461409,-0.34390088779484035,-0.4771863208884665,-0.815374203457793,-0.04220895897124223,1.506784885926279,0.5078478654485741,-0.27171743600027043,0.21660184256705056,-0.3009704939219945,1.2294063059955875,-0.2851999026834665,-0.5751089907613292,-0.4296349312417472,0.3027727833604032,-0.4008492456957608,0.4415333619038209,-0.7239110191061785,0.5852362028601484,1.3326808195549662,-1.1256383297600243,0.4034448054728211,-0.2524010213419112,-0.047866871771201504,-0.6605811736197682,-0.576877696335106,-1.053899308715496,0.3659819450855856,1.2938805521074292,-0.5207642480140692,-0.4283053664398399,-0.9343227626865732,0.06678201096879557,-1.2199211879546077,-0.3172028817962237,-0.006668516471455855,-0.7350021687575798,-0.403218415547387,-0.3290365347343645,-0.25982003097592204,0.8157910560592989,1.1790376095341106,-0.5183017329612792,1.1170959279238408,-0.2652712937239916,-0.7870264370578064,0.3331427551070137,-0.01565016776783492,2.1306765324873544,0.18611521930830074,0.0018536622177175344,-0.20687059345140185,0.1908788434827079,-0.8002470166532891,0.765578431311527,1.8100724818719431,-1.5140659032066304,0
24,-0.7469069797732851,1.5659798375180929,0.4905109594179699,-0.9949903012476268,-0.5657875681756203,1.3412603048537246,1.8849858789895768,0.8207015237829092,-0.962363279297135,2.103196707124144,-0.8582478073534905,-0.43094493210968027,0.6283091828987144,-1.19091748416383,-0.5632760005407806,1.5144464092770151,-0.7423542827939119,-0.4835673886763829,-0.4021454760409496,-0.7116496121964943,-0.6518108589147638,1.6741769901385426,-0.14032557439870594,-0.93749555646443,-0.563418050805943,-0.6989741687600844,-0.9273889385888068,1.201877536864658,1.9849657503712932,1.891458162767213,2.3492838365596893,-1.0793955951322671,0.04089682961163402,-0.5066484924087569,-0.3571638779272516,0.1989431065559204,0.4516932137418666,-0.9583558848099866,-0.0033059022306502093,2.487117614049305,1.1116237810948395,2.3810892524985108,0.6434270154358445,1.50374683265971,1.8061088204372644,2.1610624501709785,-0.030439999655621493,-1.5119904102323838,-0.3853268378427519,-1.066958433858201,2.287233305479793,1.9097953095140765,-0.15400048003181796,-0.8799171248117634,-0.5069874038340788,0.3219927835738076,2.0092270344450784,2.769539671434667,0.4617052749752368,0.8619559978863603,1.7506785642346283,-0.605165432113567,-0.5323896325139303,0.6179420417308351,-0.07748750676841894,2.4102270395375536,1.9820673010003456,-1.2782520302177234,2.518176934860721,-0.0680297881347033,-0.34108187126592626,-0.315498535027442,1.838497111327675,0.2805566817204013,1.093476975829283,0.5826765715516309,0.8160516563726748,2.3502315039703103,1.2048285663381102,1.1425390531491841,1.9912423374491757,2.1069130416310737,2.061557051236904,-0.404072032131021,-0.6191304714182441,1.022863384277714,-0.2196819781630916,0.33313555239086723,1.6891095807005694,1.386129933010361,1.1108506513733272,-0.20978777943328286,-1.7017448055029882,2.059483422208048,1.5902309785159456,0.9690191411177882,-0.8019554431534578,0.3425638290262159,-0.03766335875096094,1.1756771664325478,1
25,0.5566907691917367,0.15488573541092698,-0.05597987684068473,0.7402518684111405,-0.14473191966025734,0.661312926807763,0.22903152551974182,-0.7695407725450585,0.23887011464462815,0.10137351183357668,-0.6941016347239222,-0.2704555954853764,0.3208949988958315,-0.19993113930651696,0.1660419018829037,0.3370198323211534,1.891072711335286,-0.30872245996451,-0.03910545089069348,-0.14214041159735874,-0.8161386319551306,0.36835958808004166,0.03440305040002274,0.6156175194447502,0.05982144898067704,1.7798076099436626,0.856895445606866,0.27533869027551283,0.14310575898139066,0.09588083669642006,0.06290563043808522,-0.06338902942363628,1.4129740647548097,1.0201738776113387,2.69496833318333,0.605742279053829,-0.21029928480665736,0.7183317679708686,-0.00036258546012224446,0.060848381182739775,1.7169039853121766,0.23675743137598296,0.47823284219008705,0.24387490851144966,-0.41952134043277384,0.13285881243195868,0.5101429303530088,1.2192851383733232,0.2633616334472062,-0.6624080232452743,0.026194530173955677,0.401158708641551,0.03302784337964873,0.8606609818640721,0.5852144357511577,0.2313549082031885,-0.1634008656430661,0.10411833178663227,2.166910567206085,0.03309319031017566,-0.3686100032950521,-0.5856002935281921,1.7710373732045046,0.47064730086531215,1.3786843029438334,0.4716060361362502,-0.0180010663285671,0.11110673735013209,0.36296761524275256,-0.4499343639883414,0.8502046482055554,0.5473001383023087,-0.12828686867195457,-0.09628497531849256,-0.141023365678399,0.3345634549021529,-0.1840465911880386,0.1332740225809758,0.12071853883135297,0.1820197576670502,0.05292228843952401,-0.06001465005583578,-0.024847843985928875,-0.08466160721908855,0.8026425781903875,-0.2624685472578696,0.007943831205466156,1.637091572747388,-0.1380114713664023,0.4512974595160638,-0.12668835043846843,1.5906193645312745,0.8667311374891262,0.10363658103169343,-0.4879525293804659,-0.07232984902200172,0.9057357499386762,2.3760033518986745,1.2154632242112986,-0.4061652062956664,1
26,-0.42474222951640817,-0.5571551801679295,-1.0366539493869271,-0.15809526227903953,-0.3085350114334991,-0.7154972122507852,-0.34998324912170947,1.8623228716788593,-0.7513224795113329,-0.7259062643269967,0.36670826499400133,0.408799053010775,-1.2211230995187639,-0.830525526846908,-0.7332238311165276,-0.7118588008618826,-0.2818465905600031,0.5141325413017928,-0.3086195265826791,-0.6606401617672476,-1.7457673556162903,-0.3597804904657571,-0.45742280115140477,-0.21934687882715917,0.17925656450903688,0.5330621940537704,-0.20129700690806485,-0.543458167968113,0.18146818889485833,-0.54055033255141,-0.2649721477262784,-0.35644810485608686,-0.3556238400135237,-0.3219808827794911,-0.8795717595753755,-0.590028384778641,2.7416459896837706,-0.9350416615586898,-0.1376247847233927,-0.4055387591655759,-0.7565472458331032,-0.41199389144628223,-0.6121938831643732,-1.8612713734120372,-0.9488687816007165,-0.19179211258059153,-0.912501548656385,1.8634037456105386,-1.8505565747404225,0.836830522940728,-0.40967718472555203,-1.1359067346226808,0.006974702431964214,-0.4684400004625876,1.3270208800394847,-0.7802928933265929,-0.1576260581135122,-0.31590258192591913,0.5846659989910239,1.4309327579300404,0.2140191681958472,-0.6925750037275195,-0.4491563109044398,0.1483690511224619,-0.39266486180849336,-0.4779428139997308,-0.5076592754797508,-0.07439767159562306,-0.7531192141259158,2.5892659245185197,2.165345909510021,-0.4660892265544563,-0.3289784481351874,0.5207278266779045,-0.13914329237387915,0.653775827256162,-0.5243379780149078,-0.5950834772009925,0.2930636744455395,-0.36565477243150457,-0.38670979419013407,-0.3764704134732917,-0.453483658521415,-0.24710275395891,-0.39543599482085007,-0.7932085687561061,-0.5137773581923604,-0.05221291674837862,-0.718515248332473,-1.220271568682299,-0.5117584520926426,-0.837489507458416,1.5020645661122025,-0.4141725151293998,-0.48977093026300533,-0.5034519689365918,-1.0556915543397434,0.07115233377044256,-0.5181307887464204,0.5181130235515958,1
27,-0.6860004475008371,0.13726063181678183,0.33422168930772406,-0.2603144063560464,-0.3812098261956246,0.33939274940729136,0.27899748157207294,0.37850383161011997,-0.8805150155397994,1.3382551410689614,0.7419030860594265,-0.3419819491914476,-0.0237794794075033,-0.5899003320249048,-0.23687294357313662,0.6017517582683484,0.9265298809417847,-0.48816379187847025,-0.016378600466024372,-0.004108281184680207,-0.9273425572209391,1.1360396764424445,0.19073175875736564,-0.4447198010725634,-0.02442914464428933,1.4642871091864262,-0.16276239290223593,0.23844138841169127,1.5055158750380628,0.7208928656596975,1.2968015161160322,-0.4286361023554467,0.8782659937066132,0.6817002626423684,1.9035432376162982,0.5488939656331544,0.8125473530473521,1.0999608096228464,-0.2293060834812436,1.1894928337404516,0.40620420226533616,1.317530988890197,-0.13644783600218421,1.2795402128484517,-0.08725132440982519,1.1487833142579267,0.8672088769284949,0.9321195378130736,-0.24677001104987237,-0.2999438817084473,1.3102045972771221,1.1365022511888825,0.28882051125055164,-0.04303277355199109,0.5552529068442836,0.342033684264843,1.0214304647885817,1.3110536321941098,1.850917174885928,1.1173946098091496,0.9216207343694912,0.855978571461653,0.7494941449909205,1.0874105161412972,0.6625928716837499,1.3929865772569554,0.7548397132979134,-0.5759991052767938,1.3169474823132785,0.5057258215813647,0.6932998970445147,-0.5494692852995234,0.9081800900885784,-0.3839024520633856,0.8705520755337385,0.26181379684210004,0.48081023442490767,1.1190791996100646,0.736608816660203,0.5501211049388541,1.1113610259461864,1.0677212357778614,1.34642840716575,-0.18658108036529844,0.5041323935277373,0.8550096148668818,-0.040324317023513134,1.7051133822704614,1.2198845715942084,0.9437208208586381,0.6320330823445601,0.7609511652229815,0.6157606728442996,1.006850864021052,0.07362488702625447,-0.02459077303081364,0.6523658255970136,1.6716161409322319,0.3910494820234206,0.8121192590969571,1
28,-0.7575372073188894,1.4275559135548723,0.6036495222589661,-0.7429783880849848,-0.5410535258770827,1.3519824914361678,1.657498341993465,0.5636504021231585,-1.0631026984680778,1.7134788838262458,-0.9244615439150015,-0.4748150209924973,0.27274330531079793,-0.8742562280171609,-0.5957920280098403,1.5714741664456093,0.3890030840368418,-0.5437776096486194,-0.2968466232620643,-0.6923380312414351,-1.1551660348826864,1.4774371742485208,-0.11291397244323756,-0.7862565138539453,-0.44682139107145435,0.36504699401825313,-0.2939413818119708,1.1078290328213403,1.804148690093877,1.1429867547281378,1.7877465395650383,-0.9240428114008741,0.633691377394239,-0.19814306077233207,1.0939303759917856,0.5875172625696372,0.30648058501679815,-0.33437435688771555,-0.11604494244244049,1.8761862051670815,1.3175226323826512,1.8296842639535278,0.41509308293397484,1.2983132601109264,1.0174246611383828,1.7001534577267112,0.1231331398997994,-0.006907209784739798,-0.30913955606252097,-1.005777167731289,1.7622063414522127,1.4817514896782684,-0.16084273690534215,-0.33727561824413044,-0.08987356408881442,0.4763189716008598,1.4982982859254694,2.050578122001681,1.3506941083373538,1.1760779274718658,1.2729457580293766,-0.6255261472419174,0.25419986902498537,0.7036940337866222,0.35759049946338545,1.8436178577564015,1.3900130434841365,-0.8268849766208535,1.9257182281577716,0.0536817221406069,0.4617423759128264,-0.2920315689489947,1.2683285991792255,0.014353795112676426,0.716174888992219,0.36799550264719827,0.47359181737304856,1.7635240772363268,0.7096776360334984,0.9232576717250464,1.455238408230526,1.5411537925161225,1.556693673519048,-0.46514893639082544,-0.1581245771069799,0.7698998223505629,-0.3973603909948955,1.3874026318108588,1.232161220731748,1.1701999262399032,0.8271829486984962,0.21644158837286376,-0.8946334462693227,1.5259448415633465,1.0001524007175915,0.5680187439018424,-0.33409204242201873,1.5051746802305077,0.49505932740479686,0.744556067423396,1
29,1.4867443217988026,1.057261759667712,0.5833518974370282,1.6454193354569024,-0.1384182643367894,0.4284366732960455,1.553383160404823,-1.1345755664433992,1.2662852990058577,-0.4127848044399498,-0.2886618556566394,0.3532264912805547,1.0955638086422947,-0.13039932010570815,0.5840762271708382,1.1827696286193174,0.6070549628945909,0.323793001040605,0.1007132886084943,0.5394312061261708,0.6206071366220556,-0.05236080532434634,-0.022294786777953497,1.4928560066194945,-0.14030254830937336,0.47030961984719594,0.47405265105082073,0.359850951678131,-1.0581442234088207,0.18959892319568494,-0.48466072666046944,0.3224389825641301,0.3900951249681061,0.5644834268554958,0.172192757158025,0.7267337236156907,-0.8727982779786221,1.0161635739084083,0.5790213107007078,0.13993904447628625,0.4595263901230018,-0.12866042224835822,0.377850295491688,-0.3544591863418658,-0.24314461495667855,0.48945124756100883,0.9994486357819016,-0.09501262009052375,0.9396213638264777,-0.629266940603735,-0.26657984438337506,-0.026847447948135997,0.6139869438231913,0.8485409927586156,0.2419434617886156,-0.07775031965892032,-0.6933795412439383,0.21342149154613146,0.7736248286207121,-1.3776064923152638,-0.693879819686669,0.6467577612248625,1.4866686391027732,0.0513906012437545,0.6320229337963981,-0.458218874542909,-0.560608599897314,-0.13749473897352413,-0.02567761491480164,-0.6053619184549885,0.013422579393253517,1.5126374368371902,-0.08994914931497108,-0.04486936605909335,-0.09865173089716167,1.0185760141333542,0.6396336913909849,-0.3756575260703501,0.8132247550140115,-0.0022843299389354033,-0.15365900092835225,-0.6975071780895747,-0.6959749829192804,0.5422136644368463,0.49733869237876777,-0.4846717113270901,0.8036687184183576,-0.2824113669142578,-0.5640039416880973,0.3427461998159049,0.2643580400551737,1.0057778695900819,0.5175961600351312,-0.47221236656231347,-0.3693323115030243,-0.0065699894688541795,0.7086803004356788,0.8869371732895188,0.8243403151986759,-0.7564697001119314,1
30,1.3988325891467088,0.11095058508706357,-0.4797618482016863,1.395859517183779,-0.058809619371821886,-0.21204110451293912,0.3219695936064009,-1.2218094120056686,1.145319544072278,-0.3608639766337559,-0.04945656506279139,0.012580265408569338,0.6725349850319382,0.16539638763579878,0.49916309809860565,-0.7174125089444894,0.7300837630869899,-0.13689666194615147,0.042576183426059636,0.0502625008224008,0.42249470684935025,0.36653063082431614,0.11425447535818711,1.1678961386205144,-0.037938649890216,0.843160012648257,0.7239114213519728,-0.5024052883129432,-0.8064191134967432,-0.16445012731075703,-0.3385799683550502,-0.011372306161543388,0.6171176601589117,1.2928373807255473,0.954651746842974,0.43669421913852435,-0.2028992973519396,0.18012987706202532,0.25959108918687773,-0.4304347173869619,0.9852591465035808,-0.06327458873134752,0.31933329928143384,0.0582429875599727,-0.12679177594663374,-0.2322245848759783,1.098711091643679,0.15459035026453694,0.8469941722737073,-0.2579502738870856,-0.21796212006581162,0.37879521096877244,0.08866015520638575,1.0051942559059635,0.5985344473474584,-0.3399372264891654,-0.2952134069678244,-0.22604815967044206,0.8408173872591043,-0.6384287007167467,-0.34092726221000436,-0.22243886602585605,1.285893690789491,0.8914857202013808,1.473050871562728,0.4029118150960531,-0.2339946231214868,0.33855227674901855,0.19191136376732915,-0.645200479762672,-0.22206902092832465,0.9696223646107662,0.18344773850356133,0.14602173162185159,0.5779444712943471,0.7691605736051157,0.6713606848556544,0.12495921246266817,0.7951511488902591,0.7113857382551778,0.30619778780291496,0.1608095933104785,0.07611894616158077,0.18281531955347607,0.858978352569067,-0.13348112079572338,0.67526956503989,0.07756244334355317,0.008867990894208533,0.24930115760719423,-0.5669857225734974,1.294583142266632,0.9323368857252392,0.06485094060268504,-0.7161395700714707,-0.011579047357084121,0.530297054026235,0.8693321280724844,1.011246747642463,0.04987386151026385,1
31,1.4951322044203772,-0.5452208891858862,-0.6782507167916435,1.4289515532173196,0.09906560102134837,0.16092579590223216,-0.45559422618336604,-1.3457355697099467,1.2951280573008153,-0.4846792210119514,-0.4393227787271299,-0.06529707188422659,0.8536112757108698,-0.17036732399281845,0.7470152538873089,-0.6104619401112228,1.359238784711795,-0.0590674700232894,-0.0057274319525202995,0.21739598871803936,0.12833702111779513,-0.13496765080323977,0.09946475305747131,1.3885371737540533,0.2522547215701383,1.2810969758770538,0.7768413887374944,-0.17770859839464498,-0.770435888818313,0.4102131592273801,-0.3612953461967874,0.3234356727458555,1.1288621633680995,1.4434515622216377,1.7840715907606206,0.07335734132264624,-0.36970613959900367,0.5826012600196098,0.23910841024459278,-0.35764327623880293,1.708666974880651,-0.10896186740142762,0.8429677000834835,-0.20885872514890996,-0.3227143608579267,-0.3218194785672879,0.5666282342085253,-0.030770523510626036,0.5587711850604059,-0.5069585011029413,-0.4570824970426715,0.24238098178600626,0.1788635265100789,0.9411107194357271,0.4743736006811207,-0.15731333672243028,-0.614237942444652,-0.2549420809650668,1.4931749126798548,-1.2108295281178154,-0.8518678529466067,-0.5289765749181149,1.7333102095478359,0.1865670783073665,1.4857818869822028,0.30245920317802655,-0.1767463107565463,0.13695283465225633,0.09605430388520818,-0.9746007780132063,-0.0032260561975313573,1.1041849126962813,-0.30972908687291517,0.1994655714563187,-0.21401216778558707,0.6122801824092627,-0.16568754278659548,-0.18914147950814925,0.40157390514365654,-0.031194219136125488,-0.18046073566826146,-0.3913855908141631,-0.4278670804521257,0.2684066417138383,0.830969452179278,-0.6330059801019488,0.5420498928091789,0.33335411111505636,-0.45972636922367144,0.24907674630417198,-0.3989851026143703,1.9582492064871737,0.9720432681555757,-0.14725422954819217,-0.7057507200375651,0.0403147716596393,1.1205410098607,1.3567370266715426,0.9742606435349331,-0.6099056183934121,1
