,0,1,2,3,4,5,6,7,8,9,10,11,12,13,14,15,16,17,18,19,20,21,22,23,24,25,26,27,28,29,30,31,32,33,34,35,36,37,38,39,40,41,42,43,44,45,46,47,48,49,50,51,52,53,54,55,56,57,58,59,60,61,62,63,64,65,66,67,68,69,70,71,72,73,74,75,76,77,78,79,80,81,82,83,84,85,86,87,88,89,90,91,92,93,94,95,96,97,98,99
0,0.5780055800975347,0.7673288402625269,0.19198986196587306,-0.24633598061978157,-1.205266103185358,1.5718556340546583,0.26583391960115055,-1.299559342234951,0.47036793872780713,-0.7209425914705097,-0.3442945874108925,-1.0544218810512107,-0.5948034322644957,0.38032219953081786,0.4016797429562394,0.6767136208546323,-1.2329469202411991,-0.8994047450137156,-1.224068412791675,-0.5989051683793735,0.6049585369801841,-1.503148127972897,-0.45941364605008095,0.48065340834826303,-0.863105685243654,-1.0700857861990505,0.5674968596445198,1.6167726190031322,-0.4554820215066842,-1.0787410220912752,-2.112248513163794,-0.9616126411654443,-0.11134586240765011,-2.506438066526708,-0.7369216202732027,0.5154872344306437,-0.08325894123192434,-1.4114021035727689,-1.3949325890041955,-0.5039070746973758,-0.3516460777232404,-0.99405216385253,-0.33186631923576976,-0.8369993788053459,-2.2330152271892696,-2.5010511886319304,-0.7024675584773798,1.1661747640361797,0.749530635016249,-1.3283683295817867,-1.592098640010814,-1.3063239059316796,-0.9833359792706157,0.6665962116594909,-1.8013651145058827,-1.0831051467624833,-1.6025038428977776,-1.1956904323530064,-1.5311182023967083,-0.1530849278921389,-1.9084519928694788,-1.2437265849449841,-0.23859642782645313,-1.0350816988745055,-1.4909571809553452,-1.3745625782417434,-1.6047581170549945,-0.8171759801873121,-1.4132404476634146,-1.7587564763541201,-1.583736488435827,-0.4026914212523667,-1.4535831040662897,-0.5279615967340482,-2.0321139184988537,0.08826081469939742,-1.169187155958093,-1.414403023864639,-1.8196002091921875,-1.4020693663963861,-2.216201774104536,-1.4144795730224788,-1.7103464258057566,-1.3212639217126891,1.0136870409560017,1.763489031604893,0.49409379243423185,-0.6853416266390978,-1.8169752944959752,-1.4379068775030432,-0.3983590180105786,-0.7982020260204659,-2.181618232421335,-1.6609452242821714,-1.3275716624066767,-2.002417274359846,-1.4077854635896423,-1.3503018774339006,0.3356064054676495,-1.8771496566759769
1,-0.8011701842674073,0.8631636930782552,-1.7213230684681855,-0.9618747681339859,-1.1785118978290172,-1.8394646848818839,0.611066529282899,0.4599225429781212,-1.7368121837479231,0.8988337432313396,-0.0001823513274288502,-0.49519830521211894,-0.4144110073253874,1.2149955320196566,0.5387699331693524,-0.835866897449951,-1.3155879519317846,-1.2678269150447232,-0.8533278014541564,-1.563027107031297,1.0095694716397934,-0.10452613975513692,-2.7969478020421907,-0.6542172607458357,0.4839516232655657,0.2627972714822404,-1.052868328872426,-1.2837630588832236,0.14713799537279038,0.7915788256705037,0.5503778974286251,-1.180403714858647,-2.558671556447524,-0.1069291189063884,-0.004927537171022559,-0.5289325409190552,-1.0878690473220403,0.9068061810387695,-2.760540606966196,0.16349311202695768,-1.9755415759119088,0.574115276230521,0.6734091723524764,0.49803973891653064,-0.4558820004488813,0.6810553742031424,-0.8834387388951987,-0.9463155291686073,-1.3115107341958274,-0.14399776370739548,0.39902700148050424,0.28392755612800025,-0.159519142557966,-0.9524320444349506,-1.515775546592248,-1.0521505182827047,0.3486655634401398,0.24817451222228556,-1.5486170986149803,-0.4868953902250332,0.18839751992847414,-1.4554626782873918,-1.5535289882380148,-0.9949342495487432,2.0706200760036375,0.3649753965163061,0.29897782074073254,-0.4874479917022062,0.5122051812190203,-0.6563736205262422,-0.9590164415924403,-1.7015999599242329,-0.24177794145213652,0.0015452243648071866,-0.9375614894214341,-2.2155628304159576,-1.0711061623531188,0.6263764582202946,-1.3938728996306615,-0.7092576627741828,-0.086855624224546,0.09248356309995734,0.06876007301237383,-0.06991772675379673,-0.6541550879902317,-0.31510688891828037,-1.960612116482061,-2.433527722394229,-0.17321850524299165,-2.0829455062434046,-0.012355992375769358,-1.1275097057688603,0.1142185333869018,0.031372694279486184,-2.1478560839554275,-0.4592272523348201,0.6739085127815991,-1.262712710438826,-0.3527788506413004,-1.012076593208133
2,1.3874071928304774,-1.0346808519172248,1.0900540781934431,1.47111803529723,0.9652689388442656,0.867332636405578,-1.720862658701302,0.3527672662516605,1.2418522752574765,-0.9700612217826792,-1.6913791174738289,-0.16632795624915148,1.0998521188743677,-1.3338968064800556,0.9914355229419478,1.7367890067895153,1.6566167251775354,1.731440299184391,-0.5758007156770787,1.499305821368019,0.20286626834050786,-1.2752752355549963,0.13428158592032943,0.5250000269960242,-0.8578644470190719,-0.4396045743881325,-0.04446640236528143,-0.7531882074473678,-1.954408041845703,-0.5363222379926802,-1.036076952475017,1.6894867968956069,0.9402229390068295,0.6004707355872234,0.2699976616306896,0.34482124446387485,-0.9236686848923139,-3.2347482093087736,-1.649741062385424,-0.7236428051563395,-0.8738595974360186,-0.9890528662849183,-0.16176063822599893,-0.9007443631490325,-0.7569404018107666,-0.6624186100374647,-1.161801350103317,-0.73635235187688,-0.8631182351638663,-1.9290387413798051,-1.0639375103959001,-0.9244695818654883,-0.11869907557166508,-1.336756392155397,-1.2398133101554554,1.031170940584698,-0.8088703421017216,-1.141375893153656,0.581130969719866,-1.1087206954331876,-0.5308591285888344,0.5563206110079995,0.934617627864175,-1.0593234141929522,0.6595336532930284,-1.2488904551352573,-0.5016233555385586,0.5326320254084174,-0.8001575835461713,-0.49341674350690196,-0.8454602957407348,0.34282408581454804,-1.0848073480734226,-0.2657943051668858,-0.8462185456924102,-0.5337118200507059,-1.1836751481225387,-1.8031992207853529,-1.8934806376494562,-1.8504789934231696,-1.0373935419697407,-1.0660149683559594,-1.3892192295152639,-3.1455775412634215,-1.1091888406208485,-1.6034918603609825,0.4513834796988014,-1.0388916520764186,-0.9469091347544838,-0.9870537268064582,0.987363718254632,0.6591263680744261,-0.6449024551619078,-1.6315066948391583,0.4497639207327451,-0.8215617207305298,0.7492240059497078,0.4252594881740746,-0.12619901550670595,-0.7603226100833625
3,-1.0609194659379957,-0.6568550034121075,1.2177605223658317,-0.28991929394971133,-1.119714041176759,-0.24816232267324426,-1.4684589170956062,-0.6618348257923996,0.7073702592364699,-0.541734364827732,1.5612959921333034,-1.0764893713488612,-1.8635173519400938,1.7820075998032812,0.7608962346385117,-0.2532720632623482,-0.8179251605453997,-1.353372305831284,-0.8990175594483838,-2.963475919225551,-0.08173495828227875,-0.06513360538028927,0.3550156139020948,-0.9364126427197921,-0.793461258413942,0.19794717593139685,-1.7299278233800166,0.2409611668167689,-0.48826189035460016,-0.926761401640069,-0.49365612643207335,-1.0120001248437203,0.43209845451005646,0.9346417773438749,-1.241971062429972,-1.5584745047875177,-0.4023864389464379,-0.730515588617768,1.7996850549036405,-1.4727746210701829,-0.11107716468266261,-1.0141095169986458,0.7027706739634798,0.5108575605221272,2.087640556211557,-1.1687543506627893,1.5831111866176821,-1.1972024725152213,-0.5066704473919404,1.111960463069161,-0.061661284813732016,0.5917229233713001,-1.1873554172884397,-1.6241502867852913,0.9013135762820903,1.537664594818635,0.2650654166283576,-1.4059201228294664,0.42542885562422067,-0.2803331301077217,0.3349607549715775,0.8600487975242568,-2.5059190214812905,1.0122629207795537,-0.04029359884356382,0.044568096684720386,-0.7473590734950059,-0.28656391455107966,0.047005628566518555,-0.2922570038938554,-0.7124805931442375,-2.0313857586138035,0.6179516194888084,-0.1629987458676902,0.6527858921005104,-0.7838916280628069,1.217059107500111,0.04510117542649452,-0.07657861701614439,0.7215856117205858,0.6447921617129987,0.5756831744618857,0.9584890231605289,-0.5084949594456906,-1.5168750800461956,0.9435454887371119,-1.967577304925596,-0.6272944617953781,0.37698673440236075,0.0054803819374815805,-0.07330099112035146,-0.3899875833946339,-0.18111751416897012,-0.6123723460360648,0.8613333984706246,1.250218631130515,-1.2122521176095054,-0.30855529078303207,-2.274956700801323,1.2550180155951052
4,-0.5289604236022454,-1.3513938838319435,-1.2106326487583146,-0.4528840052982746,1.6157992192060546,-1.055268709023999,-1.4474693917040358,1.4666886218972603,-0.5675593999790275,1.1632592796445806,0.7939006781215957,0.6564721068717868,0.713067659753532,1.0589229841078656,-1.8025188007493618,-0.8540239877054877,0.12947541061798035,1.2530301765467282,-0.2674614968841615,0.09428477635551144,0.15970056283136355,1.1017231379725616,-0.23065801747535866,-0.5659043269077172,-0.2722880796341749,0.8849453567197798,0.633814302827897,-0.7542270181903574,0.8803354617406919,0.452097915412105,1.1314030247573577,1.6384736703729064,0.40421809470683334,-1.1288530455752441,0.23214659074351562,-0.9740799324960031,0.03457860600740166,-0.44881464666776544,-0.18458960501366387,1.2832900924044413,-0.41621325345992427,1.066952193385317,0.4234749117667446,0.9965516835581514,0.23194894895554558,1.0970767789367162,0.4797523446901714,-0.7663473318806482,-0.159413323348546,1.265487413951267,1.107023792286545,0.8798411350198065,0.26282022318970094,-0.5202978720041657,1.2693956198444187,-0.46308879350600446,1.684244828246309,0.42691972790464766,0.4584442646755527,1.3219187261783385,1.6476989889575373,0.6873812669741458,-0.3456878752774983,0.58012395209874,-0.18854595641322108,0.7044454517690227,0.9828224916499252,1.8234541701932077,0.7466486219424847,1.0372770079425826,0.09475842552017447,0.9552247999406458,1.267436370403766,2.3481598634768264,0.666128540991469,0.23338343791423155,0.7537962092835002,0.6237042807070444,0.5721581083384447,0.5981461881017583,0.7426000234789809,0.6102687115042105,0.7582632286645805,-0.3117891203078109,-1.1105842169281608,0.5817108391905425,-0.9860050305766891,0.38930257824359144,0.6671263802508932,1.5677134581520926,-0.3555188987667418,0.08546425597639523,0.9658299096261417,0.7120337163583614,-0.4902339959641351,0.3161061044020878,0.26358275411219584,-0.8106169683618526,0.269570368385881,1.442446622243659
5,-1.1161084286023666,-1.1035123736979855,-1.6046638329492524,-1.520710742947173,-0.5678990705001041,-1.1359114739351588,-1.2754426962879626,-0.8027748675809243,-1.1075218191559468,0.016546457603548885,-0.6790615515836865,-0.20489345279167445,-1.6568148015538453,-0.38489273678548885,0.8426882778831444,-1.1508684876127218,-1.1338069803929485,-0.7871586926183916,-0.5440026683025526,1.115782108111136,-2.5216271267818593,0.8615181664851342,-0.8093590188622225,-0.980636934344104,-0.42914471881149646,-0.40556777794542387,-0.46347307295887497,-0.9162843913167391,1.205386093758949,-1.1776593194867573,-0.5619649950315377,-0.9317426876628517,-1.0121430131002138,0.7509664660479891,-0.2530039763171988,0.04904548429072939,-0.9944675516931558,-0.5672749364264817,-0.33188915623863197,-0.6244727522193126,1.238505919296442,-0.456237720538357,0.7240071655449732,-0.4194342426376458,-0.6460266614915527,-0.45426574631076805,1.1953761009034503,-0.6040833712372239,-0.7647118034907798,-0.744869943945749,-0.6756078387506765,-0.16064657825151177,-1.0704819405415666,-0.30808548591335155,-1.076371076131909,-1.2326240973809288,-0.5516786452675555,-0.8065628452400495,-0.7771898355444739,0.23758877919643928,-0.0984361775217382,-0.7454331146144906,-0.6688782122204076,1.0866009288700076,-1.3504324464193929,-0.49351999942427577,-0.05982415142174391,0.370269885349199,-0.2276772349620303,0.17671878963740978,-0.9955282809311339,-1.8208457485723772,0.03481377790617693,-0.5380555973828229,0.5804971298906249,1.0676783103283651,1.1084368880954076,0.2669456733178219,-0.3466586792595669,0.8568653548031351,0.0814219705994088,0.20695735392938983,-0.2888958769368072,-0.11759214398276255,-0.3644109797621279,0.3716950150797018,-1.0277998833475777,0.6369966979811966,-0.14367968720830637,-0.20308489946096311,-0.8452644175057509,-0.389531045250838,-0.23898075673114288,-1.0653365454241017,-1.5229110886356676,-0.5180204825935455,-1.4440181907421534,-1.4433934073494208,-0.7463641061476519,0.26294261993727236
6,-0.26163377189894893,0.8615956028820589,-0.717740054984421,-0.650943621490841,0.1042592435193004,-0.403337980125711,0.8827869005922931,0.06683669249378134,-0.9009843827502929,0.42420737016544513,0.8534558356781404,0.05716263661668398,-1.4847528420586003,1.702479584041959,-2.091737653759279,-0.45122723683506843,-0.39943448602182213,-1.5100837355316692,0.08582200195153362,1.0419350331481358,-0.07302626737601102,-0.4844605892425619,0.16973851984973412,-0.9113493651573664,0.7594288765473663,0.07996008789774832,-2.8364821764793744,-0.3947255480795942,0.22619506330001135,0.06784453916943271,0.3725641760848527,0.007509074316026828,1.4476802696127864,0.6070829381418819,-0.7033550617254951,-1.3452540401999142,2.0413483658185747,-0.3795661708783844,-0.272034741514462,0.5834988510849155,-1.7686114277461165,0.421629248275001,-3.452238737961036,-0.7755208067564517,0.5026131498888378,-0.06898421073579714,-1.0608641269716883,-0.8241637547706874,-0.022314258640488964,0.1166961684463209,-0.017129741700534384,-0.3608782764054242,0.7343761917102538,-0.6419219721562328,-0.6523797455965091,-2.302022833867425,-0.02557054160784646,0.5653293579971992,0.21915269719588543,-2.050741031219367,-1.2582787115893037,-0.5839200674929863,-0.386655001698235,-0.5935385996632759,0.9032340562158546,-0.31216040908314446,0.43076489099587,-2.225761683123364,-0.30718663557073256,-1.2000014914755992,-0.32773686514895745,-0.7134637008934157,-0.3937560057337574,-0.1366670734150599,-0.28173930212503534,-1.0354117956984525,-0.8339517837125349,0.034930580115251984,-0.34607745380376814,-0.877783927520559,-0.6161322992916449,-0.5872758572688996,0.1431889244655686,0.4127880524422744,-0.32613040923592973,0.805745141603367,-0.7216444770045168,-1.9770775067477218,1.8362436053998175,-0.6275298932388912,0.9121815057456937,-1.4066530672798243,-1.2485136406075383,0.8101104306034903,-0.4867756539200491,-0.9648614849516832,0.4105924383287779,-0.6454225532712691,-1.0840513521594666,-0.22108792651941916
7,-0.9273717001951877,-0.8476970632115334,0.5933306118463894,-0.5594286717264196,1.2212810628961703,-0.7566325208029807,-0.3538625322979145,0.9736932509552227,-0.6592127797961336,0.05421269063809594,0.0011136997021233537,1.0692933717091482,-0.11714104366007495,0.5995492057047055,0.7910023289013971,-0.20296697622121163,-0.024854387533901033,0.9138180386823632,-0.303279059066132,0.1897814581774729,-0.6221862455858186,0.15638028525857012,0.1444869772734412,0.029645452374782638,-0.37663114806467596,0.8089213308985466,-0.14619296627071096,-0.47775596251544167,0.15343741028540822,0.5755028463337579,-0.20155895642126787,1.390063906180411,0.11782063292530963,1.2556868950685627,0.15106530357358508,-2.585411429669455,-0.16738603491317544,1.219935492108979,0.21598987656491359,0.09127628259382317,-0.6366915798129957,-0.17825616210965536,0.3526713773315384,0.4708819575142082,-0.5097137192573179,-0.24226483004569083,0.9321276719868157,-0.7469993214227563,-0.2962273185331704,0.653397867774826,0.25527086733125753,0.6257026771628084,0.5000387652208267,-0.0796043190991615,1.4485038116155808,0.10475543725099838,-0.10884699353851619,-0.4528849749704361,0.1688390114623988,-0.2339868005327271,0.12879507516590238,0.08557463116686018,-0.3012319490151493,0.5122170827025114,-0.2662709695351684,-0.017183903664676054,1.4644781733889989,1.3894962135200524,0.563532734495735,0.7422503140964323,1.2301475782385596,0.07044987733274723,0.6223602131939306,1.8484112944035418,1.2102463680285114,0.5222131654498738,0.6917685222545209,0.40488799483500554,-0.05531566989775026,2.037684685704418,0.578218437881374,0.35773085685903766,0.5898349999702386,0.502764944983922,-1.0513493912169056,0.29619192785895143,-0.2664647897024249,0.5290324831412258,0.3953297310100479,1.2085584294503011,-1.4022946223074855,0.3468749605580036,1.2282896400696357,0.13976181271213206,-0.11811511202202085,0.7006397598958876,0.7461246114733568,0.10669708380992236,-0.18622837929582342,0.8353749066716059
8,-0.7538958025766881,-1.1621807715673487,-0.8963191361212871,-1.1084002983424739,-0.48821728965048977,-0.573303191255591,-0.8716680361669353,0.5584964037095281,-0.9690162713256284,1.0391914371931283,-0.7840088790512015,-0.5934965097273581,-0.4220808701806889,0.15174879789170329,1.045910936371155,-0.7497289405867607,-0.8203442103756244,-0.8220264877949857,-1.2361366168172623,-0.8765770369024457,0.8519304372405836,0.7189615132876778,-2.482358533962041,-0.6341635000613919,-1.1394130803734823,-0.1813962217580565,-0.8648911532185526,-1.6433411268718379,0.47919304893523773,0.717232705235259,1.0011036173907695,-1.8842831116192937,-0.8059498021436948,1.1814966821794761,-0.6483127662820597,-0.7569559948813607,-0.7281433497164302,-0.32665833838010866,-0.6503607662701874,0.29488111582262905,0.5405604870650723,0.8703976377717128,0.5823133161508458,0.9036622655016285,-0.5934255614451264,0.6922242471998423,0.07292523181912339,-0.166735555135143,-0.4596878580770088,-0.37282630973252096,0.8300958121846953,0.4375125531390635,-0.26375202227741423,-1.0932865326378103,-1.1200991486216623,-1.130715265918554,0.7297524639579069,1.0374505739546511,-1.1564858577819013,-0.29377029169568414,0.2983907519629716,-1.9122886728826103,-0.3294895518451866,0.26513441965042056,-1.4716440189562254,0.4513917474517319,0.6734532293231013,-1.2107146926493495,0.4562788061226119,0.1984988165283047,-0.5542191795377107,-0.8332673699458741,0.31586930947070796,-0.7925578210254054,0.17626841449873798,0.5747157671509919,0.7667426099423664,0.889720681262316,1.0586688162827478,0.26909790925642235,0.3000893937385549,0.10387683472902667,0.12423047642805853,-0.8924190739455208,-0.942147252101208,0.43183579585303666,-0.8224897806624909,-0.04866161050087447,0.2071527733164717,-0.3161094985564667,0.18372812196781568,-0.8103688131925438,-0.3382708703829483,-0.3013479574774116,-0.024788783829500137,-1.8589836127863224,0.3236241381727285,-0.7092659754311241,-1.7660943241408356,0.2730791209771028
9,1.4661111427156026,-0.8930183728210507,0.9379025161590229,1.4168167461972048,-0.1648241745609223,0.835521153617101,-0.7988207863032564,-0.8657647401748225,1.2771615723428191,0.520220573356006,0.7272168225850709,-0.01299082125465255,0.8240394946078231,0.027168292889307062,0.6096382292113931,-0.12714786213460413,0.875890169661706,-0.20810723512058207,0.25163193833665365,0.4151412774371412,0.36363796502579104,0.4690792780722908,0.15175703444402175,1.4375818395952753,-0.271231876381124,-0.36651565489865273,1.7784036695677772,-0.29723779711966386,0.9192714914779614,0.6703805136467419,0.45834780411485576,0.6698914265222524,-0.20505601727305234,0.2131847794201922,0.3647606114800881,1.2245994362988608,0.09878251021303026,0.976567544254507,0.017255681159965605,-0.12480394909567938,0.6502597337671248,0.24502269357178155,0.575503230534472,1.0888860810407779,0.046587442226633156,0.3788370831483598,0.7636511943221533,0.7653992963009782,1.2502879749151818,-0.3508826927329497,0.44896781492839066,0.6185255040638653,-0.280468573153145,1.9823940387453343,0.34323829912954773,0.9982280482575465,0.25407223947800195,-0.5804467827942182,-0.3710413121718975,0.24745559916057158,0.05554753292480795,0.6783341305852479,0.9833414955945593,0.6643718371482971,-0.23592899012225538,0.5484159433669714,-0.41057578152182295,-0.39535246919599665,0.7378251852567672,-1.0971329181489333,1.9928373503061592,1.3654652976613866,0.3165991374354115,-0.10041276224887538,0.8915792305729472,1.8011891540616363,1.0282881147442813,0.26552782519235063,1.5212662260302554,0.464246781589223,0.5825461263494712,0.6597461938659279,0.180716468673763,0.19296564938657743,1.992033921034786,1.0500204601389296,1.1090662455562117,0.6919362640945383,0.5004328454564876,0.9565788349590257,0.4006807676655806,-1.789290843644171,0.04715580692334738,1.2000111614528564,0.07311816620442789,0.22082947124331453,0.21599765558753417,0.7098051908044288,1.3422121983006639,0.25289833737070805
10,1.294325762446018,0.5377613528115576,-1.9981808590366952,1.1172367433088164,-0.7213890266305439,-1.353801099098224,0.10611076769431087,-2.0715423680299514,1.0484964345606969,-1.60476595636027,-1.0053099611781418,-0.5805475832838795,0.9993616846626536,-0.8819919769747575,-2.2886937065383486,-1.625440497148976,0.3358275201008371,-0.15173554761168612,-0.748537568481508,-0.6994195136659159,0.05099283761530912,-1.7239229008575059,-1.0588950592996558,1.0844787166609977,-0.7850379856280871,-0.18400216936470648,-0.09856364751148347,-1.3022030464527947,-0.5281406702818786,-0.8633536132531189,-1.4484334365530467,-0.07553880065277263,-0.5652687358550592,-1.4906501803529109,0.8829197451354286,0.3707978652541706,-1.2856150564554276,0.13465160499800644,-0.8730630136616817,-0.6736382914134944,-0.4801740755375982,-2.6783594267068542,0.5063038068361576,-1.5036557189001607,-1.1326128082583622,-1.0133948831670032,-2.0946704764630675,-0.11224361822550892,0.9108464440980979,-2.101404229464052,-1.9481524217797903,-1.4418245906178937,-1.1905918712151,-0.4056616527175794,-0.9556549980193906,-1.0595826900542429,-1.4229192397653885,-1.08219843177841,-0.285187247801892,-1.5888370093970787,-1.421477543925309,-1.5679301378274957,0.5675901381421592,-2.8172855945331694,-0.7541474547399393,-1.6335534848365352,-1.8212798950536428,1.0112619589116145,-1.996129075899138,1.4194905423746045,-0.46576241050507355,0.6207115646771919,-2.7311952578372627,-0.7132343514904389,-2.468840700922506,-1.2532901899817617,-1.8627326879259678,-2.0559830087507627,-0.8031096406015501,-0.7929718010561616,-2.290903377016989,-2.617200036890282,-1.8953711506607784,-0.5866132998028482,-0.5458529752411927,-2.4788851157630387,0.22773150301055037,-0.20769381626812985,-1.671315620999361,-1.2052772803125618,0.3989836474413082,0.5476117604615135,-0.9545610356042804,-0.04844513623301618,-0.8529639693340882,-0.8137504452718104,1.1924751879345934,-1.0640607653791647,0.33840194905512994,-0.8282286593243235
11,-0.7510960951740048,1.0528863167144946,0.986449410115586,-0.053282709767412624,1.9003810736146116,-0.7084822331583128,0.9085462607916576,1.0249595739586435,-0.32395621074810166,-0.3552367420396454,0.0403815669773466,0.6169790180848845,0.3299084121679819,0.46520355912657685,0.8906487997929188,0.19618968761354685,0.15566211690833812,1.2720932956836777,-0.006107259100420693,1.1321311407726278,0.3783396717258606,0.4592717518617863,0.08947151701059784,-1.4314998134758405,0.7821431897660563,0.9838098231488688,0.5025801436645075,1.4923003284941045,-0.7156337711324138,0.42216687061385866,-0.39185147912744855,1.6234521121022125,-0.1553886685841006,-1.0136128912338909,0.44295653246807076,-1.326137294636906,-0.2973549500963505,1.0899812887321834,0.15680351714281351,-1.7312891027396988,1.0584000770433026,-0.5295483654264118,0.15506050901733473,-0.1786427530668919,-0.699042223017895,-0.19789561732053076,-0.09881714421441257,-0.15796829227838216,-0.20911561782564492,1.4803197276691429,-0.0550510043127171,0.15080397360436865,-0.05774373848201112,-1.063320109406707,1.168458317844775,1.1936714843880516,-0.3410200456516646,-0.5049197853238242,0.2930738065499688,0.4890804328080606,0.14927424649337423,1.175723051631131,-0.6916281036786758,-0.527158445937035,-0.47762701104878985,-0.5859492261928584,-0.3683240222019125,1.616321658848178,-0.7433640804648519,0.8005999053039727,-0.10195418073779161,-0.16177588667801807,0.21234429725846274,1.6297125031109403,0.8777634807064144,-0.22852772029500715,-0.6711967889070888,-0.1909014940740586,-0.006529095336197048,-0.060003710713168165,0.2650917753921907,0.45291384887777875,-0.5023344593697158,0.03397889442388832,-1.8413119146775099,0.2510520736758604,-0.798915396745634,0.31965240074247475,0.2733187536991443,1.4060693447484336,0.09538361619486402,0.6490282544840423,1.0799825110563201,-0.07288961839559874,0.5451114274943142,-0.7518792081711883,0.8015049450784677,0.015481965720394762,0.06364344120469884,0.01386292260112853
12,1.4676869539374822,0.998862469880517,0.7198023098010098,1.5934193621042942,0.09937231307963544,0.7485415389566756,1.3444617109448018,-1.2602012833422251,1.2703265180272898,-0.3528825788134156,-0.3120085226854134,0.7356815517471517,1.1239581230786222,-0.1460955016818986,0.6771165146852555,1.4340440693628824,0.8753018889351807,0.6391824949241824,0.289088897393195,0.7045136166594076,0.5966614482561922,-0.1519600375862443,0.14976754058720143,1.5360313343532042,0.08725864000117226,0.5362444986048179,0.49805805057768504,0.7102333723821582,-1.1707001889398925,0.5172641350798424,-0.4614987711092915,0.6508343026249893,0.6004873104593912,0.5422222459846351,0.48369932367960705,0.661029550632334,-1.2239139730671733,1.0621175838713415,0.7527641233829179,0.39529299185677813,0.6569569637615537,-0.009697259497659845,0.5443221154630317,-0.4388749811867548,-0.18957623517226757,0.6668227076162087,0.8474285174352013,-0.15951502368279938,0.8322293913261875,-0.6980000392902356,-0.2831487099596783,-0.04213025212221345,1.0663391901316104,0.8704156631458421,0.2353820275260242,0.16369359802417294,-0.8933061505550964,0.40277430675054526,0.9860608247328078,-1.8873626517716087,-0.9572237962791432,0.7518379593983963,1.4772115735349174,-0.20570486136793129,0.5852814519644243,-0.6144945340082266,-0.5342079230640713,-0.17857464855492444,0.019311495051584058,-0.7171273269033827,0.20935609508352618,1.514745888355073,-0.19208664280343424,0.12089736211078583,-0.3563335611029032,1.0027165914132712,0.46112738840666484,-0.4843431678688502,0.724573510651577,-0.27962694455711545,-0.2894081526006832,-1.0061605697999167,-1.0177871676582053,0.7558557895058913,0.5393918565317508,-0.6325560883026834,0.8612095918711138,-0.24503108949786262,-0.8130680889638636,0.4345285475913663,0.5251165602693684,1.172508867935426,0.5126159179178209,-0.5722521999955266,-0.20128165008633703,0.1680517830584496,0.871741994790287,1.1601799700344622,0.7732694894264053,-1.1194823566620595
13,-0.500381273674962,-0.5828428083114839,0.115832804532939,-0.15119690076050712,-0.1602181575333049,-0.40522697834333127,-0.3565425960563113,0.7297073644583727,-0.4145497555566848,1.4915083225500516,1.8652294015298272,-0.04595099117926905,0.42977938235154817,-0.8879945699811487,0.21506378768096307,-0.1791685839445423,-0.45336001776615714,-0.23883509627977656,0.22198895122420692,0.5961360426023029,0.209940998389813,1.0928670671799896,0.5280921125971196,-0.2892615058392687,0.3351912935478782,0.5841871273189748,-1.0766227532356594,-0.22368159454007716,1.4185911651886787,1.493205176796218,1.6645408286998644,-0.1149609710559956,0.26794765906732093,0.8754907015527705,0.3331135237788027,-0.043996419457666344,1.531378744002764,1.0537376862521322,0.05519404345243063,1.5323783203181045,-0.6577079505716913,1.576260246928387,-0.11074836424539299,1.4464011232943332,0.5003487722432359,1.3244073959934592,1.2001330798970877,-0.8761514530771989,-0.12270836505981372,0.3032826801107493,1.6600613411760345,1.4332188583158934,1.0077414388578623,-0.6759071391504244,0.47384883877973477,0.12601582956090399,1.4320938213296668,1.7641757213106437,0.8460989427478578,0.5773449247737135,1.357982430242083,1.9313802373502609,-0.025328534925396867,1.1676256848218673,0.28790590060574395,1.8266360929545562,1.2064490507551573,-1.1977418795579544,1.6531444196051908,0.7523568527212458,-0.4359294803567175,-0.7612823664965445,1.3976718062797495,-0.13994942558692522,1.44924387839325,0.572914843236644,1.055040479954009,1.4206438800133345,1.4710845978996532,0.674433354394002,1.5182112775001793,1.4625930944134244,1.8229101243565335,0.32069768382738734,0.40534276070533864,1.2403634207838803,0.6550222207525283,0.2903893622552281,1.8186306785481479,1.0782480956085807,0.8532740386267341,0.6162611446162,0.5672638140611683,1.3621499939385102,0.4420822861480157,0.3159559960911019,0.6901102186928869,-0.04822171688954714,-0.4934591208001001,1.458473500102108
14,-0.8098496241231663,1.1043596445135473,0.8289700943067991,-0.10837973634285841,-0.46141573151191406,1.2833709505118664,1.1627432063671348,0.2019913015492846,-1.4789993836962905,0.9885393673838122,-1.146109595789414,-0.7753804162250932,-0.2849755915838751,-0.10152583714774795,-0.5069936701730737,1.564619277881691,2.1432748398850516,-0.6982683394744441,0.0539814414456746,-0.5050999001279709,-2.3459453488999156,1.025318739466601,0.13924220311736774,-0.3810578374276852,-0.12336669416165856,1.6049267278463601,0.9216527054500628,0.9948108438262787,1.3351880827937228,-0.25955805835009443,0.7668321833118908,-0.5353391457571751,1.4106565311997896,0.4628694557554087,3.238354555628452,1.2395927675845584,0.13525888036643668,0.8421056094224999,-0.17061816403408606,0.7767205463180294,1.5537526449936296,0.8119360254737221,0.043668721946100324,0.8798576652074119,-0.4997356447558602,0.8405256235142036,0.4978055209769257,2.544631568571667,0.03226091380137215,-0.8448955793660211,0.782904869678774,0.6775022041919969,-0.08207147860459972,0.819190494396169,0.778486311549788,0.8343460063381709,0.5668564880416695,0.7392729266279958,2.475702056756435,1.5868205769283825,0.45068296048148593,-0.6288457688273698,1.5877529030413169,0.8654257648183072,1.203141053050186,0.7897429280395741,0.34745269971429105,0.18490657118720819,0.8278661687929683,0.38256975751179073,1.966840436745849,-0.15350746323455286,0.2197727030206352,-0.45549095050614063,0.069019074368541,0.009920286756417323,-0.10676000701661464,0.6510955396190365,-0.20551396381724832,0.5656390208710721,0.454084555396135,0.47670422042137145,0.615761407188241,-0.49650306491314244,0.8311524826177815,0.3407796254081604,-0.7061458109651981,2.8297681528815506,0.40378039055034687,0.7726835921600872,0.39341393109916983,1.0859309496989686,0.7226550707006496,0.5179127434639532,-0.041102875389102074,-0.11769890466905264,0.6130651192904523,3.112733721502536,1.3666703109027305,-0.015226075534834982
15,1.1011489504461147,1.3149800358533759,0.24385206698969542,1.1738117877052252,-0.3502846868470114,-0.7136422077393187,1.6201582327316388,-0.7733250015796611,0.700542597729233,0.2129653381572913,0.7223069587798663,0.3428086463916025,0.3131971536345497,0.8587737428077161,0.004441891477376584,-0.6196749458340804,-0.16352649178819778,-0.25276902581081917,0.32204971333723725,-0.1983381806204762,0.6803695613074944,1.2694598735335065,0.30131520030030196,0.7029906746031207,-0.757802573229248,0.28093182470852046,0.6653089538262197,-1.0704689729916899,-0.546407357968827,-1.4131280072945507,-0.056380359685210046,-0.7074220346857808,-0.04562722119735966,0.8688879102640366,-0.29615032496341837,1.1593541742106759,0.28217459944879786,-0.3142451184527242,0.41197947837187365,-0.35470869666067883,-0.263732713478574,0.27590403585351386,-0.6077150658150177,0.7038672980309374,0.401801127011385,0.22156239944216558,1.8461226231916732,0.9443271826280586,1.1002945306244112,0.27394744819064604,0.46004690318107117,0.7197510410220438,-0.0004114304347610989,1.1150375579260863,0.8770223084955874,-0.45348926113058136,0.513316941115552,0.052589633166039464,-0.07645471442544322,0.7746326815654915,0.8230342465902908,0.413186479770815,0.5659909058402778,1.86403072354138,1.3555435952864374,0.719669884124614,-0.17526757979899069,0.7719893606153229,0.55971404948099,0.1963413412239474,-0.3468157453247406,0.6190682248681239,1.084396007886721,0.1356698903757442,1.746797190852845,0.970825006377497,1.9068888621941655,0.8248227378371763,1.3543293435666974,1.9056130353001086,1.1859623196293951,1.2008359810152167,1.1187092381986594,0.09574588496537817,0.948738438872278,0.8820386608554245,0.8377963683189724,0.05071892912616709,0.9977996955008663,0.39398413380643144,-0.596509341848168,0.09925495193482443,0.814214207539729,0.5783498801366947,-0.6498324771945945,-0.006799392598752763,-0.5008084110935572,0.4087466581999641,1.0651089898951263,1.2573924568935801
16,-0.4546116208712479,-0.6781891496477035,-1.1378378841063008,-0.18024544973563916,-0.1726013485523081,-0.6266520332545761,-0.48216623883638793,1.7498326217227864,-0.8772491549075137,-0.7812401453327904,0.4886505413018827,0.795608639886178,-1.450551195455596,-1.0644670629786754,-0.6510347852246486,-0.6994040589586655,-0.14092456018018343,0.8060500992486066,-0.32349097831330864,-0.5494091745465048,-2.1327071760357703,-0.4258380671808562,-0.3331012576106064,-0.16059910901859073,0.4945109257576832,0.571423605707094,-0.17641543339667604,-0.40747395120450286,0.37636401165548544,-0.36949932297698024,-0.15828182993939857,-0.16386403101733946,-0.15271293307259765,-0.3618172195920574,-1.2957046577483466,-0.7167027231817168,2.643699898969505,-0.8234305174269878,0.00832444689949192,-0.2909296406401121,-0.7552790118995045,-0.3450557015911727,-0.45606009436604517,-2.500202629622654,-1.3215144938896843,-0.05595792430058284,-1.3037861563534667,1.8610266885088131,-3.24752948347394,0.9206874013914984,-0.4227575151682104,-1.419201798633213,0.19716489621725647,-0.590041687051987,1.291436506917514,-0.7340640605927344,-0.13487470539421859,-0.25000530234819013,0.7620640391146298,1.365604588607161,0.29539532961870024,-0.7911860429457834,-0.447733212211886,0.023260478108346652,-0.5336271652621845,-0.568385913816769,-0.4448493202376179,-0.05462209735124111,-0.9102942866344256,2.5031474050018945,2.2410490245839574,-0.5078907830420094,-0.3940336271848775,0.7524032274873416,-0.2772637423280367,0.64616832740414,-0.7938915645945859,-0.687346719859966,0.2282295866050303,-0.5975980624499443,-0.4786991281733568,-0.47688276887154635,-0.5806971634221078,-0.11352945300744995,-0.45972658980116426,-0.9328965060006953,-0.5902849604565649,0.04491578612997558,-0.9167148693864784,-1.4904759721254406,-0.24239554887674414,-0.948610672255134,1.3795239445147527,-0.44241281420155604,-0.3828154311886118,-0.513010275025943,-1.01827508992798,0.20337643869662486,-0.6039167013086967,0.5006886035043495
17,-1.1651237095428972,1.0751147090204705,1.0253239297072767,-1.273555747494285,-1.1771085342956638,1.322212429866593,0.7562702126519488,-0.6098010817888974,0.04317018838282803,-0.9087990269027444,-0.15049693430828195,-1.2803213076283473,-1.7843351118644815,-0.7120755106597544,0.5228642849072229,1.751968576568998,-1.9516232383501315,-0.19644091173891504,2.900961579188881,-0.659558416650235,-0.9394704555618955,0.7096342809733295,1.86757512796294,-1.6294789660720321,2.9621437891159874,-3.7389199132222655,-0.6421872794230676,1.7441639212856757,-2.19143011997549,-2.210333178683896,-1.1473470307085876,-0.9863712127849845,-2.555668257883208,-1.3892644489998713,-1.3226813817400267,-0.23744783160672736,-1.320986910772041,0.25527019332112294,1.6967923732902666,-1.7528755816480723,-1.4557683812256745,-1.0790602451708653,-0.5297300148558409,-1.0472457817125678,1.4160060915648494,-0.7163701509672941,0.4264757710095988,-0.572638038197996,-0.490800534071605,0.31042419332388976,-1.466810092364128,-1.052097889201824,-1.4975935558469653,-1.1281909511728654,-0.6439663842608425,1.2843843508911275,-1.3540845815448037,-1.8475985390077923,-0.8984025544061562,0.4063512022486499,-0.906325753294782,-0.16089232459009753,-0.4946583233464193,1.042782174978539,-0.3675267097722541,-0.6292947414760568,-1.5479683673484173,0.602632187372636,-0.2335392446529479,0.32210027202376307,-0.3588000920370468,0.03869314877385765,-0.1039652544562923,-1.8731305127361615,0.043906805647199544,-1.4999671345602479,0.8863339079186537,-0.2552938671461483,-1.5174453385095068,-0.022942512853755398,0.0017175419734202465,0.039296297948164395,-0.27215793209806627,2.494008815773792,-0.5858503463696786,-0.22558873375200889,-0.36053761029047954,0.3917441347539487,-0.41816926740395644,-0.6572836573911354,-0.9291328460890358,-1.1941444080842825,0.3288027787863585,-0.12829005900945678,2.2890729499983853,2.761434258727185,-2.819434819072031,-1.2604826870622392,-2.095874710345709,-0.38236345189355264
18,-0.9302365124913685,-0.6338829995778773,0.6546819233319364,-0.14903617768021374,2.63821422277614,0.721645782724639,-0.8059366529543481,1.1935720596030766,0.01326667199880252,-0.19062807768461823,-0.7291749732559216,3.864085929122507,1.4438412029515886,1.503354614264412,-0.2591275816397731,1.0965906902440807,1.3769360006163225,2.654477641852325,-0.1173679785227614,0.23093022018479162,0.9425635072545716,-0.3573382862167929,0.6598107747769848,-0.14062039429218923,-0.6108638912915517,0.3836700312809074,0.9166353290240891,-0.4949417814775981,-0.5623632044153113,0.2454332215822422,0.5213851987421865,1.3502104979060978,1.6662051100951418,0.5555628268192081,0.825243904358334,1.133214295351754,0.7131454843649448,-0.5224059310041048,0.3399198488718256,0.3664934725011969,0.601256357215508,-0.4789003940766527,-1.517496495479458,-0.5735617941149392,-0.18519936586277774,-0.05442367610920467,0.11340700377802047,1.1870509705858636,0.44487339084910904,0.32639741140566697,0.31944727843701354,-0.23636769229236615,3.7517722817879426,0.7454387572931312,0.82841518616655,0.4779473770043891,1.049348038237276,0.02031239512038052,0.5314478860000071,0.6786476381490305,1.453789628907882,0.11963315099408262,-0.845344401196911,-0.3166123338114845,1.056466806158245,-0.5652586070241338,1.0654247650703725,1.6140971780078588,-0.5601087495601951,1.3274615270546433,1.4552934663031425,1.443148297180279,0.7043640450411025,1.3464522889837935,0.028506338116906414,-0.2738197608687486,0.19258712594733268,0.04175911382746169,0.4098418965506041,0.6176492176037676,0.2148837051178076,0.21258069703622265,0.398287504375286,1.1833019899056723,1.0956625444285804,-0.5509579645703064,2.1334221651425875,1.1546086413086927,-0.27207837498369236,0.21188039929724678,1.516314744348343,-0.08750560510070245,0.5439750888858353,0.175840020362605,1.7007136828669043,-0.13345109706715036,0.9304892626122117,-0.01626758732045087,0.4274814928034967,1.0744334698353513
19,0.016575885617944975,-1.5778269218098813,1.1604797815618364,-1.356530321237477,0.9107857693373819,1.3428550873818301,-0.9302291650819524,0.3215571274928681,0.5166347451917191,-2.04153234843851,-2.095908718810018,-0.23627451473666813,-0.686229372504425,-1.958935326036828,-1.9711190572863042,0.09560287419057333,-0.2280096405835648,-0.371965389049259,2.7730032337377324,-1.0217288738222159,0.977183350500398,-2.039601093219376,1.7725938928146068,-0.10368718561799435,2.7589511355395815,-1.2766943262964596,0.505199684932008,1.4398909634535502,-0.1610996384589153,-1.394866835059337,-0.5337863923333659,-0.18929377329732852,-0.31315323778581206,-1.5396738968298367,-0.13094407878571626,0.33455811266986724,-0.3831115033175123,-0.3911612115857361,1.9095201651054694,-1.252264853156285,-0.9705560009761224,-0.7541756604619767,1.0975225103759072,-1.1920457854970576,2.0294393988528063,-1.7988039242650335,-0.9858972504040653,0.12053069558939845,1.0592119572733643,-0.38043572057157465,-0.8465646072613242,-1.7333726369214688,-0.31086937039043194,0.30197513917891894,-1.1913733102476065,1.5066255405244924,-0.8946248241688417,-0.3395055863833012,-1.6441584139095615,-0.844295111373558,-1.028231233572137,-0.3289555770065002,0.00978258390349788,-1.1662306263093023,-1.5625239729634048,0.0861563327608542,-1.1350464682919454,-0.6376195023404103,-1.336576603531228,-0.8061820816859621,-0.9935867405335337,-0.2522455419140838,-1.2219200041548548,-1.7678783540057637,-0.5953126565936903,-0.9627563925320083,-1.4441816621945176,-1.8117758836984594,-1.5371115321967248,-1.5620401777865713,-1.1911160998797803,-1.4705357656148361,-1.2380873776723442,-0.591272946611526,0.29496559719787263,-1.692665149373927,0.6599484801349766,0.8716360077535978,-1.0747334450375952,-1.1793364445555683,-0.2710091469542985,-1.323330227309367,-1.8947152308314783,-2.4920990269404637,0.4883333132408387,-0.03742868276225838,-0.8401487686219391,0.018048786654992113,0.25864316464853776,-0.621554544170222
20,-0.6451056024233208,1.1066619930861488,-0.41010109741134193,-0.36440181855247866,-0.9804790170715554,-1.1721520405506285,0.9758607718903214,0.837506250938414,-1.225701319753082,1.6798929117796568,0.12476968173665046,-0.6342472988671921,0.4817619381049841,-1.1612578454980818,0.3054322900164995,-1.6357929821653392,-0.7064240668470668,-0.8779445962385676,-1.0014870489429284,0.940714722967345,0.09323970931473548,1.1540544938967148,0.966939516267468,-0.8022716247297746,-0.7185361570220421,-0.4349734817013361,0.14805895059567314,-0.5460449954212375,1.3690719268610785,1.8734307672629449,1.7397986574770976,-0.5291942949069727,-0.02112143529064997,0.1258375516326274,-0.6356352018978486,0.203093711904575,-0.12040682002932265,0.9828039884120875,-0.13730994910914424,1.8741613372810881,1.3380854221903706,1.6924527296321554,0.6280490697803348,1.1075573967342627,0.31729443332125007,1.836835142849503,-0.3939831290203499,0.6939730689896547,-0.8815211896289744,1.6809536475850337,1.710784616852279,1.6807526821146228,-0.07426716104272636,1.2814919555431956,1.226489987695996,-0.6635252208953362,1.7336588372107098,1.7183035212474316,0.5073911245612828,0.26177200164467573,1.5880724349117321,0.5095590451341733,-0.9094539783234022,0.0345784506251961,0.19518927111113338,1.8629436563153787,1.8958414157979169,-0.4450135435719794,1.7315098372120474,0.5342131589808634,-0.6354992618199725,-0.7280242905935961,1.3250632305592507,0.07341096484285442,0.39620078371774203,-1.5879574463268908,-0.008150022095126669,1.5068626198161132,0.36201298859189585,0.40232092016381227,1.359218773933823,1.4738701409534323,1.4814434497072586,-0.10147048293388998,0.3204793934659917,0.4899385614473177,-0.329919710501087,-0.5660058642273368,1.3608878129207909,0.655941603191841,1.4113345570905584,1.4921237172302004,-0.9012188981387019,1.6866158281674952,-0.5482693783944412,-0.00904281200510179,0.08669255991212546,-0.3240577366852961,0.1949665807304618,0.8935989040995487
21,1.4987424159339924,-0.47451960577090385,-0.6021585845364816,1.4548212695163967,0.37045828694085536,0.2773703374484666,-0.4169101504026513,-1.6525523144094023,1.3131661164562127,-0.45682391904837616,-0.2701100833435722,0.13998953305618803,0.9016807715726828,-0.019992226823316757,0.7740701604386683,-0.7428554497842923,1.2829455572187323,0.14997408469049234,0.16576559349012146,0.37198520518212225,0.3297736853465057,-0.05889346272964518,0.28809595433283675,1.4359474874362295,0.5072640995888532,0.961938843889065,0.7607000791049247,-0.11265300547562963,-0.8770473282776854,0.5303051790623838,-0.32783125623233944,0.5443376755541506,0.9988826054406161,1.3441533475311054,1.7913598117881526,0.08873992686184644,-0.3429376184789984,0.6099618910062762,0.44853124114783643,-0.3125202960539655,1.5384808656537177,0.001105486952106651,0.7981736673975878,-0.17864168077695916,-0.17679547322649408,-0.23830750982434382,0.6302262071908548,-0.11512064403009965,0.641339089983772,-0.3826202402056892,-0.459526279434835,0.310239954379657,0.4352136513825964,0.9930718333464055,0.5301046797646592,-0.05451537055397876,-0.6509692895546925,-0.2082373923624431,1.3493223875190818,-1.4350386209870631,-0.9415643576070823,-0.4653295297562652,1.5241457648123595,0.24307272918089545,1.4176375177122724,0.3784686774203579,-0.06765818780807112,0.2501593275566963,0.18645659582935836,-1.1138308095933374,-0.023589381958371,1.1385350220635349,-0.23157087711873417,0.4274793972118809,-0.11432328972578022,0.6781719360166226,-0.05838351403074898,-0.12635025577951234,0.4871265494036974,0.03559306180178653,-0.1089085949913729,-0.3480205018601228,-0.4213772586154681,0.4754099582072706,0.8921600599609597,-0.6014776968591429,0.7027717790651345,0.24754759934961473,-0.4521964119385991,0.316476800554803,-0.20229209895938877,1.751525677214108,0.9389685845588058,-0.09503990956492944,-0.7319381093491749,0.21328387652474476,1.0356836971997956,1.3475182853113552,0.9069075375246344,-0.5685974250709346
22,1.0571504369616718,1.0080274224862997,0.8356857346387478,0.6263597631977958,-0.29820018919924896,1.1386622235921917,0.8410292304687117,-0.10129168762531766,1.2258996788704268,-1.3336409393475075,1.583197754774553,-0.7307069339019752,0.28278478382839906,0.5765911501782842,0.11597809245638652,0.3576835831598925,0.18892750208538464,0.2771382766697463,1.132038103206027,0.9710894025198495,0.5280072944333247,-1.4521093098862112,0.37383469595105207,1.7234406256737806,-0.39502746608985556,0.22936646927645285,1.088223320085579,1.2648015385029643,-0.4476002709259609,0.0005817245833534716,-0.9881025100883262,0.28547141715373364,-0.2646765940180477,0.10462725622038554,-1.3848038765557675,1.3466834423850687,1.2284400761051169,0.7585970391423452,-0.13671542687276655,0.048133705172815025,-0.00673049273781247,-0.11878453579282784,-1.920756869531421,-0.326500889381799,0.4079875420382003,0.025194513241194604,-1.173513342444573,0.5583568690900947,1.2794487097203238,1.3257095198181261,-0.8950052287199378,-1.719886981540641,-0.35155032034448785,1.315858689785973,-0.5678143067187258,0.969161183909256,-1.2586637530720566,0.06848194416959151,-1.5831198433431226,1.064728137896142,-0.6206321890430612,2.0261889979969188,1.2685590652961964,-0.1936863394548132,-1.5186263396103659,-1.7074537574435757,-0.779224654525484,-0.217823747685227,-1.1213931774191466,-1.1520106717792271,-0.08189075425278872,0.9595270504574132,-1.2369693175263021,-1.3379280934529094,-1.038283044637541,1.457247669405333,-0.4285925361304406,-0.517814414220776,0.5966288701218561,-1.4283486102213512,-1.0138864706843156,-0.5127739170627953,-0.6174989293462783,1.1673909287205115,1.5594973725619141,-0.9757569993201064,1.3940103354737736,-0.8698525486297873,-0.9558049145261655,-0.5244021438389393,-3.4761260359251516,0.009298235491208128,0.8898784785048974,0.018777459410898954,1.238057518077801,1.6155401016067528,1.0026555318293067,0.2640961911130432,0.7765760932406506,-1.5868417767659935
23,1.5874530665897095,-1.0317970830666507,-0.8924657391270236,1.6561146017203647,-0.1998950576030332,-0.379771577005717,-0.12660858443847953,-0.6969053414470863,1.405019185417157,0.02902797270748943,1.2991467609631648,0.13118104793802532,1.142804387312153,-0.32849365869536784,0.4936521458236948,-0.23342897860748865,1.100207113387654,0.3736189513639727,0.2950737197888596,0.9005198067831757,1.2281470185200303,-0.7999400819165577,0.016352600346619943,1.690978426609625,-0.12993545558156064,0.18338479480768133,0.9907209211615863,-0.04239266505115421,-0.12462814731435938,0.1903576059857086,-0.2901372098968791,0.6520391830955685,0.24710433124055983,-0.47403467661612214,-0.04835768866717439,1.1260176299288467,0.05859708236149389,0.054203983321222324,0.5606878010399095,0.34332206606886106,0.4608799862155901,0.18315811912748883,0.6766272895435511,0.9000674929857787,-0.22040367147124276,-0.3402238286518884,-0.7855253679783172,0.07459569465613834,1.218422510562842,0.5837895173404472,-0.17484315493825325,0.3076398455327423,-0.2750136282163982,1.2150219218596912,-0.18586905891480676,-0.4530845653013434,-0.3627637605642896,0.4435682417425967,-0.30708293476075965,0.49511401428990764,-0.6794938234220588,0.648478766421826,1.252080395593795,-1.1079701851940582,0.4960323561216194,-0.1717549100035407,0.0927322825714171,-0.608717372147561,-0.5165651498539303,-1.1179755731753303,0.5072100103832309,1.225395868115165,-0.42274163405186105,-0.33790196503450126,-0.8834896166628473,0.13404143738267268,-1.2841277843664753,-0.21059141869725584,0.06418611213643928,-0.7021505495352844,-0.3009784228575199,-0.23330776480754958,-0.17731985040474477,0.8930624161354458,1.1684857421492478,-0.42131432379308503,1.108061645204228,-0.182874133478172,-0.7744853154477251,0.4200894050195067,0.17689660070552218,1.8272867258481764,0.26790380311417805,0.08832252090134658,-0.073479777211902,0.3568240614353105,-0.6814596354442114,0.9478508949034912,1.5406379416332763,-1.6599666949519851
24,-0.7481431721947415,1.3376548080544268,0.5893072599829127,-1.08257206496778,-0.5797958040671833,1.2624412772890645,1.5801106633102695,0.858021775996597,-0.971711520782315,1.7398824476383472,-0.8526204180657044,-0.5220151379667123,0.6735755074906835,-1.3394982026231803,-0.41006391798136466,1.4506665615857357,-0.7322967320367342,-0.4348843356876637,-0.3913200092977987,-0.5687113412970218,-0.4911847461988855,1.423878349510918,0.06236246784743373,-1.0255875262417251,-0.6471330561845263,-0.4566950637443836,-0.8447619333504018,1.2164483692742887,1.7130309000277113,1.6828409703943643,2.0028024311900605,-1.229743518415669,0.23345939679433914,-0.4119080249164024,-0.3128483297074758,0.27635783556855165,0.5941026332742495,-0.7965173135598722,0.18834742973707788,2.0648857711015784,1.0864508459974869,1.9063563253067919,0.6044950617114541,1.3654405423020974,1.678216024983189,1.7485751848855184,0.056222187507093555,-1.9342300414577198,-0.18341637926930224,-1.0757138700989803,1.988663732073972,1.680059275737528,-0.05174193325977113,-0.8868358181942921,-0.42161347184715275,0.45430343269386453,1.833622077998902,2.327993226330798,0.5747011484968825,0.8560063571886478,1.5789528065560914,-0.5596766267801302,-0.4269388723383236,0.656039201563236,0.02756607711949761,2.145048312946665,1.7395700773545077,-1.4040910143518004,2.1247335461829393,0.012039026641467037,-0.27548619510751426,-0.22580883407908442,1.589764496514454,0.46581953828511624,1.0425367398253091,0.6154499711954843,0.8478676011668761,1.9556239145560872,1.1511871307318486,1.136397177977519,1.7016454230907472,1.8071107544393281,1.8504979033043825,-0.271527273597463,-0.5540141264913205,0.9822912847770152,-0.09612073500280223,0.4340029944932015,1.5916595293338078,1.283172873555657,0.9498871493298754,-0.07716187222267339,-1.8173794555982719,1.8016792706115885,1.5123493856476644,1.089248601212653,-0.6832901376449949,0.523564601480843,0.07022729792824652,1.1326882910292646
