,R_29,N_5,R_15,R_27,R_24,R_30,N_20,R_17,N_3,N_23,N_4,R_28,N_1,R_12,R_13,N_9,N_22,N_2,N_0,N_7,R_14,N_10,R_25,R_16,N_19,N_8,R_21,R_26,N_6,R_11,R_31,N_18
13_SCORE: CXCL6,0.5337380907675067,0.4395327096305468,0.43156629921324385,0.6011005379572005,0.40279450181484666,0.4990845077544663,0.5060540694131628,0.0,0.2987693494883592,0.4913084885047398,0.6252820169990644,0.41239589836463914,0.3612130459699149,0.5507680681921959,0.5352986763366717,0.4324762256052338,0.4302293214404025,0.8339830462229026,0.6773811972325048,0.5393357967138641,0.747137041958321,0.5367480795660212,0.7091450622146183,0.5248139200276105,0.12193445057061436,0.45818908011887177,0.6785801578419541,0.5274086838054929,0.9323858692911104,0.49976289628035303,0.6824475599281363,1.0
14_SCORE: MS4A1,0.16002905217917654,0.4262125677285271,0.29214024785311055,0.4561078948759095,1.0,0.616742978226021,0.874328732891958,0.42644901075599334,0.29400163034978066,0.24206303604518226,0.5708922964631791,0.7637811052298493,0.7557560522545955,0.1380087797962567,0.7908473902646154,0.3289704522355692,0.0,0.30105160780416684,0.297650361969682,0.2181421745374185,0.37226853228385637,0.1428276427592073,0.2003071925568524,0.22951998591057668,0.11573562878373245,0.779840998189868,0.06196268037274072,0.22037116078289368,0.5400589589098654,0.13205917536941547,0.07946752346039654,0.21461313748285765
15_SCORE: PAX5,0.46700885035114165,0.4614773216597066,0.6135623541155876,0.6536367585250031,1.0,0.7632860310512707,0.9258808014949165,0.06292029680611888,0.4542173532538451,0.48720263739724307,0.5861311528397869,0.8710424299000796,0.6424890538293047,0.4425813364292377,0.8435920491528337,0.5892691146745027,0.4948398662097102,0.18253537507293965,0.47736996566313405,0.25508606140143164,0.7168840283426744,0.22381366633000205,0.5578858848378295,0.32033706648523536,0.14048743770682653,0.7733028997057321,0.42997038571298263,0.33255842708212036,0.582441670937882,0.2063071801028848,0.44615563733814073,0.0
"7_SCORE: PLA2G1B, ARG1",0.612710008866147,0.35078240822380924,0.45265151335170556,0.3123931682787592,0.08410984404584387,0.2576961801471027,0.059711222447439205,0.07662986500701441,0.3405213478267587,0.6083025346838908,0.30084175970982224,0.20709537265675962,0.3385397388385406,0.6393885325934421,0.15312964239068358,0.594202842101962,0.5768173866099211,0.4600001128314383,0.5488281370968878,0.5411197295257851,0.0,0.5448621702024306,0.27703981921663984,0.5553851881931778,0.2948105528140175,0.32210024716566754,0.49992095462734387,0.563783415478025,0.41600999345617007,0.3047988356693283,0.47171962418808,1.0
"0_SCORE: SPP1, S100B",0.44757881458804505,0.6142729110522676,0.357865109322323,0.5822593085460354,0.46935118359583905,0.41537578635077654,0.7492650534994738,0.3810655485708787,0.8278064234286409,0.4912756010725372,0.5882942110836902,0.43214732058868205,0.8790121648043788,0.46253228023760334,0.44622230017546827,0.22771717242205883,0.0,0.6604194222141458,0.16849028345642053,0.6917035443912882,0.738153807724452,0.867793801876386,0.7405283003430662,0.39616209200978575,1.0,0.5494738954651499,0.7424386019464865,0.402797445990686,0.5468667757028272,0.25613546048681995,0.7421968899386153,0.4158328482132987
16_SCORE: MUC1,0.3115201556306995,0.6691926821044856,0.2944754348241564,0.41628426891496567,0.0,0.28220449626770866,0.1382694594687866,0.5608712541710802,0.6033525020365342,0.40045220571706913,1.0,0.09826898836972886,0.34444578662984154,0.31436116689349425,0.2756228370805614,0.4149944071852236,0.33989417452806314,0.8365462463249902,0.3113370817182125,0.8263588064562603,0.12028048894091387,0.781797985285779,0.37609971018951505,0.4127505885578276,0.5329736844095082,0.3156792137021712,0.5819086753158744,0.40291411440955377,0.10642721954517298,0.7476472756483776,0.5558675003990465,0.8155870207492197
17_SCORE: MME,0.5059129120161432,0.40095486507073635,0.4501754654377666,0.25476110431282617,0.23461149605271675,0.15716144417993966,0.2802170480308546,0.34715358295626175,0.7845404497535386,0.4305191247450515,0.6552664521790508,0.3065470488878163,0.9501479610021011,0.5152032204515731,0.0,0.35938920076910924,0.5741552346736145,0.48323347277361783,0.7852754548345636,0.5641001903640653,0.585029168448304,0.6055915913574608,0.5682407345850405,0.3364771024635871,0.414593227310858,0.5673813719630783,0.5547342819321618,0.35434523106391436,1.0,0.6175596279371898,0.5564432643169842,0.9934024669768495
"1_SCORE: MAGEC2, MAGEA3",0.4339586894148534,0.2506260569335754,0.19240473629178081,0.2553754181950102,0.7661459895005216,0.2934495544122293,0.26472874274343433,1.0,0.7189267314780605,0.0,0.13003982766343158,0.5746835927390705,0.15806901574648236,0.47422086262286267,0.3476461060807782,0.4587707488865738,0.639416088458102,0.6874206049892244,0.7292423940969721,0.49788164049655564,0.8134332960559487,0.013008569731866926,0.44396793800765366,0.27769994534756376,0.9803816037752184,0.32411951173605125,0.1467295889155596,0.29734710750863846,0.3584958360125826,0.5780010481033676,0.1843393977785701,0.6875601509177987
"2_SCORE: MAGEB2, MAGEA4",0.23908845890216252,0.3268602449148621,0.33160149500684777,0.3332927829251437,0.3649625759328472,0.3537362599170307,0.540342730490896,1.0,0.4491539294585791,0.266701777248328,0.13008213058629894,0.35382969595093555,0.1969565234010468,0.2236684012484263,0.3656084959449673,0.20265447944704573,0.39214677641468143,0.14522384078225634,0.20679092212357153,0.23118564793527982,0.3006279542441289,0.17340472165016707,0.2976432616855432,0.2964347975138132,0.568343634075084,0.09848858598903365,0.29524204850185537,0.28915998317280167,0.30234641209976465,0.043246955059085934,0.29554587594926796,0.0
24_SCORE: CT45A1,0.29825335741453685,0.31861974703591894,0.23113867193145965,0.2845362607652783,0.033335540859400714,0.21522860031260418,0.05157737401453755,1.0,0.3468042425084581,0.2631744897765019,0.09201848076980279,0.0993441490084074,0.38548229184637745,0.309440022160793,0.20669505020502954,0.2932123173339506,0.28570683023469395,0.1605179573537744,0.34954888838980286,0.1457420629766736,0.26730401391219544,0.37635427591659,0.3276460779135278,0.36679934301622297,0.927483204929247,0.14433512240173546,0.37619183489413477,0.3610648497423236,0.43709977326064475,0.3824895418173585,0.3700493009757233,0.0
"3_SCORE: NCAM1, USP9Y",0.6055666972422515,0.493145239899562,0.427770992654555,0.4960151837247241,0.24200771322398934,0.4867862402326968,0.5111531692268364,0.554556493177893,0.37313473824884746,0.511195175672972,0.43479778690797216,0.3039985192033934,0.7884142268614402,0.6352016560628294,0.5184397477959279,0.9461401162182912,0.8217026397470146,0.0,0.4712151049880978,1.0,0.5907341172706875,0.5721961586117439,0.5236116338019506,0.7831429822209064,0.542255786647495,0.5374120830498273,0.46961096570521177,0.768352560592249,0.25102198733399633,0.7255125548885564,0.4764437139417591,0.322520893708025
18_SCORE: CCL19,0.10574117732263488,0.4735410436068987,0.24818323966566208,0.5958371313733124,1.0,0.6395154154504898,0.8711912689827768,0.27408533770497007,0.6329431825825637,0.5198766882728103,0.856633672648859,0.7491122730777894,0.6244889289651883,0.0819989577811519,0.8494109338847587,0.5696914573681495,0.22740888122847863,0.24846822221878634,0.14374759328651593,0.8482578756234926,0.8188393765369419,0.18367660532719132,0.5297982577881897,0.2664706356944418,0.034378089547419166,0.7336874310937432,0.297261964235654,0.24802809522425506,0.4905526146801518,0.5109361782641829,0.32668496964843874,0.0
"4_SCORE: CTAG1B, SSX1",0.13989192366277262,0.3139394441859191,0.24548353888660276,0.20137479057030466,0.40799303719963653,0.26948309942623483,0.2137346689000927,0.9999999999999999,0.4598263965602838,0.12670646702996008,0.26522969977903815,0.35376221822069476,0.37952368276256454,0.12229193059087562,0.28235554006201447,0.19042253482648624,0.34589404188614603,0.12897893866375515,0.11207606466979284,0.1954806584523554,0.06701340864574754,0.17584181780513203,0.08863097396892364,0.1624602167728673,0.9125428124915289,0.22597642895853376,0.10602250821720685,0.15844439574326907,0.3694579379873263,0.2825787686435829,0.1038219433139557,0.0
19_SCORE: ITGB4,0.9343694016512746,0.3863586708337652,0.540616923486148,0.4359735097447362,0.24073868155177758,0.2704372449535841,0.0,0.7232177055311926,0.09960566317333813,0.8739132564290966,0.5631121145742175,0.3408106331785079,0.32399616545406773,1.0,0.12552326341791226,0.7525398199119006,0.980093745128593,0.9194529266552416,0.8103220878528558,0.39020939163548085,0.3745523179501,0.9056415763072885,0.6111632124464983,0.47873519571078943,0.8734254317908916,0.46587864313189176,0.8015188983728623,0.5308486006384913,0.4408520326545692,0.42563887193467403,0.777433039379413,0.8880858426839516
"5_SCORE: ITGB3, ABCB1",0.47329512128072615,0.700809138479531,0.18627767252312744,0.5105109935833431,0.3228639753467818,0.22309666003502654,0.3519995906185296,0.1272882811497077,0.46740924463927475,0.5216743123354518,0.0,0.2772839499308858,0.05376699317871031,0.5211351424693322,0.24284494793528916,0.49004229705447283,0.8613363393564893,0.29593546141665333,0.7450008484387668,0.2414718814737507,0.6668937464476191,0.3783728072983911,0.7548875179635717,0.9120476086114551,0.5065563730706822,0.45361922374147345,0.82567933323403,0.872966167716688,1.0,0.5360658839572247,0.8167219875566636,0.41752634128408017
21_SCORE: IL22RA1,0.4370827650727965,0.2715509294455439,0.40053716880964557,0.4117253556626296,0.2769927178493018,0.402485607810258,0.2465409268583837,0.031354429967767494,0.077019935603648,0.47702215984233565,0.0,0.31822056499321094,0.0650693779013719,0.4431741790517981,0.40353067550332694,0.466297987065998,0.4698508539676103,0.5296707548881083,0.6981146477173223,0.30380323639199985,0.17230772708868933,0.45728271324053804,0.3103322827145698,0.229989694467146,0.22968172801415587,0.2996164821079671,0.42137433349066433,0.25130279536720085,0.3682362148903968,0.2805834349217773,0.4073240929406078,1.0
22_SCORE: IL1A,0.5193836511515787,0.3949305541314218,0.4507174571523592,0.4559352827962672,0.3510859605400649,0.403094646400697,0.3902738796924548,0.13627224433920676,0.0,0.5437513529234828,0.3040709354646534,0.3843338489002558,0.5506804250147659,0.5308289210823206,0.37755160350633143,0.5637242712333618,0.4835000473347198,0.5376096921812366,0.45976030986357896,0.4623138743176302,1.0,0.45934506915595325,0.7496436393005781,0.5481701277745825,0.09548673511814826,0.47707952584747404,0.5482295967713899,0.5464364420953409,0.18589044032361113,0.48415581235044347,0.5737146785752255,0.23479886813001036
23_SCORE: IL13RA2,0.2102744314119248,0.30179462160538034,0.20820655454301895,0.35735863096810067,0.13535622036673373,0.2107860796000839,0.0,0.26632866738990235,0.25523785778405483,0.17786049699473877,0.20323112350077643,0.15966700420571553,0.31052795184776544,0.21061910478858564,0.2121696375661034,0.3848748099674717,0.15410358582014896,0.33429350871496943,0.36524082338126895,0.23853522843007546,1.0,0.4801255442148627,0.7386071224684367,0.1260069686150466,0.4064673509004782,0.21834621759044281,0.5283140985369272,0.13446605980617765,0.24922415132192854,0.29640546820409236,0.5549226450432804,0.046416315823278376
"9_SCORE: IFI27, MX1",0.522830927884789,0.32608383083127124,0.6520376612907204,0.4443844600458757,0.8376565326027656,0.6055366434870083,0.32755528955330837,0.29779166246542965,0.1393866897738355,0.5054304811196877,1.0,0.7757139168560301,0.09096766767276782,0.5012947707953614,0.5805952871570401,0.7663421141300096,0.7168562856752119,0.0,0.5600495351712959,0.21868547635856633,0.5108691088433707,0.8011691156382842,0.385145956722669,0.7646804555839689,0.7342239146223029,0.3076254091455426,0.284000500552116,0.7383484939195607,0.5756878375042911,0.4422050094939796,0.2967985169775065,0.49314429052317127
25_SCORE: HLA-DQB1,0.902661366788343,0.13888034065362342,0.8498519308192325,0.3170771185087964,1.0,0.5108049777902719,0.6038150890304615,0.6427738673359306,0.18347326746542303,0.40942304940109553,0.0,0.9498942963684804,0.6207150838013336,0.911463634896629,0.32895324061366327,0.18629455390752547,0.6703897788795812,0.1639138299227455,0.5089722291667657,0.2461184651995284,0.5565482164950271,0.46482065454426313,0.41609183568736274,0.20035352113810817,0.305044640847014,0.22606898262105865,0.3030933587225393,0.27144669489844664,0.8138534838385376,0.6048701597585691,0.3173911474615745,0.04443089468217676
26_SCORE: HLA-DQA1,0.8874466815504485,0.07379453677929848,0.9778438326271168,0.1954699427891018,0.8974355045526315,0.3905208853879826,0.6887093416757171,1.0,0.43927661428352677,0.19853529414513615,0.0,0.9242684560383787,0.9050710523662202,0.8723792992654437,0.0755034599696241,0.15295833465584618,0.9502854243783553,0.20050025078268174,0.9731847768624186,0.21366578920081558,0.8719767535779916,0.8951618673123819,0.5753587039826481,0.3723277389072922,0.3292248813464845,0.1445277660339379,0.33672669843177316,0.42232035155875947,0.7755731189199311,0.8081382139712188,0.3669209992169138,0.2881470465353719
27_SCORE: CXCL2,0.41276801107854943,0.3913625724652418,0.5127097006932301,0.3977679456431372,0.0,0.40780220874027256,0.5216767312068044,0.36235781743592477,0.8165854675546429,0.2346360886008431,0.5811147628320138,0.1710956421358415,0.17870785500264053,0.39610974667863974,0.3515338674853168,0.23471587669502403,0.3309910673187131,0.2978975745079348,0.27932198946460496,0.79674468688153,0.5573809109941833,0.2632484755749571,0.49909703894471763,1.0,0.4577043561336824,0.2122040011525188,0.45220711671170094,0.9396261227608846,0.28796227138460595,0.7815313801787764,0.4581401365194476,0.5386529991697834
"11_SCORE: SLC11A1, TREM1",0.4076732218090388,0.5761062389031437,0.40498662712209593,0.5841127737114312,0.10150595037188487,0.4886344331471351,0.2122694306538171,0.3120688792435473,0.5154837259020538,0.3623284759346474,0.7511303877816348,0.2027800655177282,0.7438837099605972,0.40812102296992625,0.533499897062294,0.0,0.5103356805832711,0.2779127916347548,0.0937142457121225,0.7617871563691189,0.7967220550279931,0.5126842256123064,0.7119265898811268,1.0,0.227258492687884,0.5118388845340368,0.6437078421103112,0.9408269490969727,0.4581396266701703,0.7791776978139905,0.6523396154745864,0.6322599642167706
28_SCORE: CXCL1,0.5151436248562323,0.0,0.2965352277534427,0.41773989386047017,0.12451221213917879,0.22352816696954372,0.28867328705469036,0.22961270068787598,0.19981658403441513,0.6107233666299317,0.20883499884532317,0.18191777376376092,1.0,0.5515812365578023,0.18436998928618237,0.21429593295683586,0.27431938517672394,0.7414798895592318,0.3842936328140501,0.09610550527224648,0.5147749186664942,0.5523070330675148,0.6132785285315256,0.3435730172673992,0.34175924182934875,0.07507082484083155,0.6925256074202222,0.3643686214804099,0.7019325539272706,0.311256184708827,0.6824984103944696,0.5792239686161128
29_SCORE: CEACAM6,0.4965612401169524,0.4884264726346322,0.25134703940506575,0.4656580239301055,0.2508986025060402,0.35476553000774247,0.37693050965339014,0.0008150569245921613,0.17753285248614636,0.5448891397096318,1.0,0.2510482497607974,0.5488433593899176,0.5374335027915166,0.41023522824352976,0.42979540411089123,0.3138473926945383,0.9244674462946764,0.3420441385104618,0.8559577666405038,0.30401142671761777,0.5138379957672796,0.4297548533335748,0.6534679980266015,0.0,0.41402910078750177,0.5309166205258979,0.6418674591334894,0.5761133118410526,0.8491065341760018,0.5181165402537229,0.7084455706957188
30_SCORE: CD3E,0.1743851801535808,0.23571667788168055,0.008704345378433953,0.4404694454554652,1.0,0.5332207517516546,0.9922249687596568,0.2202869659741391,0.38092181926234403,0.3998471388321634,0.5638628394375504,0.6691961038680889,0.15570036053385714,0.20200083446483888,0.8145511657974485,0.49092944616336565,0.3499831880941366,0.19719127914707127,0.06358859546404805,0.22272475258743413,0.1159727873613392,0.07189603935728478,0.051704467045410374,0.3031359476547398,0.4436141366034384,0.6138836105109855,0.0,0.2930249732273349,0.14287842995943803,0.6479806216017275,0.006542208059227839,0.22773064367567847
31_SCORE: CD38,0.37933987584349416,0.7501172690428293,0.9332203337154622,0.6130538379022178,1.0,0.8876538819020618,0.6284225491760432,0.5849521947583167,0.9395176525420439,0.1954813813567578,0.7735583064243529,0.9777150503118595,0.42192346656177854,0.28701917215370376,0.8632137908019561,0.5696971403885619,0.0,0.5292431902227177,0.4305414997780245,0.5909404341124053,0.24549465930833914,0.4117698576912288,0.28595092534575683,0.6632549836273397,0.4290398194510281,0.6328355453883614,0.31849837117644486,0.625640840047545,0.579475415511306,0.26139642474416397,0.31438011651512576,0.621085534860996
32_SCORE: CD27,0.8371882269455302,0.750710276708202,0.760758668365376,0.48748883677779775,0.6313569835680116,0.5704294549036413,0.7082707029563027,0.76891228492288,0.8213479268905555,0.4351953410752376,1.0,0.67453944008079,0.5443582646294429,0.8499274932087401,0.46834418973826436,0.518297780883331,0.14385975153894698,0.5513549809252926,0.36515072990245945,0.8316446695465136,0.4588585466997153,0.295273770435884,0.4872166751867177,0.0,0.3140368162107309,0.7308745257076422,0.5100310557807322,0.08497142958495013,0.13271514378162147,0.7144633351593186,0.5071443337406938,0.8238552792399465
33_SCORE: C4B,0.2125278369357833,0.43188450873550516,0.35291990975081206,0.2892534339260656,0.16535796605386707,0.4402087714460148,0.305721880789768,0.6457900476331694,0.50546061307849,0.0,0.43724734201267496,0.22794900178750982,0.4625880733952625,0.1891273093119188,0.4870271574944079,0.04847709772605052,0.09349570650803693,0.29673312935765633,0.20473175415167294,0.5970397570615662,0.23001293899601521,0.6787960730401819,0.13379186216893296,1.0,0.4303896574735876,0.4409602568839729,0.05638110253769546,0.9189330710093413,0.5332837381896437,0.3852989196914669,0.0661759486016843,0.3750473060326888
34_SCORE: CDH1,0.6894902668615743,0.10590144824136805,0.5479764597437253,0.5840258917006435,0.39421560443618064,0.5182506660996132,0.5838218324146545,0.4712051017099887,0.5598378056252918,0.8796789464521733,0.631903208523932,0.44552692590840937,0.962684370648242,0.71307776497468,0.5023068944041527,0.505129023097979,0.7469861471352977,0.77128182376336,0.8419578490181521,0.534647524415711,0.0,0.8025396589836684,0.3769708498707691,0.4577065288461997,1.0,0.8455875164160522,0.6802474375956304,0.4832372466804839,0.7953541219045014,0.8244635567724464,0.6418736055117225,0.8329621706068593
35_SCORE: CTSG,0.6853332023743304,0.5079142037570218,0.7254220425812443,0.3074506839827293,0.01389648101136981,0.254013041072063,0.6014180838535231,0.6453691677121736,0.24634190154163202,0.7867236063643417,0.0,0.25133868795276515,0.29568787032311716,0.6786512010771021,0.001167395124574977,1.0,0.9962925771745641,0.4584354733626603,0.9393370960605002,0.29333943296688514,0.2855186727685665,0.6599256698922797,0.49752695667570146,0.48724571730833927,0.9350109227815377,0.20430234275625753,0.6680896114135986,0.5063814644352255,0.3672507916917568,0.09443482531229508,0.6465081806747524,0.6652555122971522
36_SCORE: CXCL14,0.6397082062269526,0.7061446140399237,0.6024340080953133,0.40512618378177223,0.5608711495235811,0.4105633012043441,0.5419428785369702,0.6357817224693462,0.06099922291901094,0.7163127065893358,0.20477337885342278,0.5747410333325215,0.3429827602135087,0.6459210634456503,0.30765123828883956,0.7236108434319546,1.0,0.7771759521324721,0.7461164026879251,0.0,0.9904871850196693,0.8888761532609115,0.7297031039601758,0.8080614037758416,0.6913112367588706,0.2111851847727435,0.5198998625058302,0.7918514369006282,0.40225544604637387,0.2523131636282199,0.546446436438971,0.8129942872631294
20_SCORE: MAGEC1,0.6569644455886963,0.32903053846808406,0.33423526284944943,0.2425917881236591,0.41034916037292696,0.24238983215660373,0.0,0.8347546891359425,0.4137921614949789,0.3795029516819589,0.2554486752668555,0.38494929734198935,0.3032348650463614,0.7107568927282654,0.19312747786020326,0.39999732501417995,0.44831037576407035,0.9999999999999999,0.5541912819082422,0.39983497763353926,0.6701314729860639,0.36293666217582937,0.4654791615777347,0.3728080089964983,0.40525709319689024,0.2871241753756243,0.30083445577302603,0.4065944201983698,0.34552596903040345,0.4064579670182431,0.32166708364401164,0.7274337347174439
37_SCORE: PASD1,0.4835214005061149,0.5073722344954761,0.4608405082889648,0.353988531297501,0.25506878256468213,0.39806766866065946,0.37555039993620265,1.0,0.7588566008033718,0.48438319503686555,0.3542672754034646,0.3237365793678123,0.25443969741770245,0.4873018478933445,0.36439873333493517,0.38735548515145735,0.35889705970823904,0.07001735491165784,0.34399520930578575,0.4732576759687203,0.0,0.3980769071130942,0.18937604231874086,0.4820485674468227,0.8653082885557781,0.4084247909954428,0.34173084622720123,0.48257376371723204,0.17727003758012078,0.496645503703696,0.3224532695892577,0.29468444230056345
38_SCORE: IDO1,0.29512070984322397,0.6102492069244974,0.4800136841728322,0.19464391980955265,0.4412462546702897,0.3024668428546911,0.2946463685191706,0.2575778084113629,0.3933356185603139,0.24917182410256367,0.4126850273760349,0.45418327972701344,0.0,0.2643027792684761,0.20723755016977566,0.3818158830021576,0.24176390869008002,0.028254203845570147,0.41584641952613227,1.0,0.23652013353762014,0.6335585426434911,0.20509618126181542,0.28892617568963846,0.3229129822648066,0.5087656039298815,0.17981531664774245,0.2864644537052795,0.13820397898030726,0.4146973191141323,0.18301412490694355,0.4394468105534904
39_SCORE: CXCL11,0.8112458232232533,1.0,0.7819077279843071,0.557796747920404,0.9777973594953051,0.5954860010800497,0.665384538621803,0.9527132555562536,0.3132069027364504,0.19256133880989906,0.461255757038675,0.9124273026272351,0.2356720570447634,0.8161358921160682,0.49549656132210956,0.6924288270504091,0.20790845604478636,0.7131578607593885,0.4703153014128835,0.5815374166036813,0.707970975049022,0.5867698879405719,0.6654011110064212,0.4739559038890792,0.7200341835366652,0.8756287513541747,0.6311532557380973,0.5081653194066775,0.0,0.27425312007622776,0.6354866645816873,0.49184748606924134
40_SCORE: LTK,0.7635968633726875,0.21186632279152007,0.2653108270460774,0.6401385667095673,0.31402793621478675,0.4182480738954191,0.3148983712115847,0.0,0.09604242433392551,0.41160370292188975,0.29411920736631925,0.2977706173753887,0.8598557149253553,0.8466510980160457,0.5002777272224761,0.5051702421047154,0.7646759465704422,0.9134844817296146,0.4676566426029997,0.5195623267951712,0.45330611225963413,1.0,0.6481037624742694,0.16921278340721024,0.33081009159959707,0.5832981621814798,0.8048203008330533,0.23693962188211837,0.7050603868926988,0.5235294586258935,0.7849908304051965,0.5301305063705428
41_SCORE: CCL27,0.7432350680917705,0.5623248416033131,0.9660146895136068,0.5290985864748046,0.5145396785596542,0.6155773878879031,0.2803737004372573,0.039259123371490845,0.2643316554121228,0.9309503030553057,0.34453136446048865,0.6652007774290725,0.5617762610452584,0.7061021974062275,0.4276163060884926,0.7966984823426296,0.8273355718179659,0.0,0.9585754302923248,0.2638183833575232,0.4816613098013931,1.0,0.5741681524638537,0.10598276996125211,0.4693037405241357,0.7622700210398152,0.6485907758404074,0.16597965920081148,0.6320371408116203,0.1455741969964176,0.639174021074996,0.38663883135829025
42_SCORE: C4BPA,0.4742100066624069,0.5441178319957387,0.5441178319957387,0.46941178457048205,0.42129836127695863,0.44346632648440054,0.533993934506632,0.0,0.40082721448155506,0.4474318406708825,1.0,0.46228427627135243,0.5976469223738782,0.46255778182495283,0.3894807325625038,0.4790579724113589,0.19022927760702435,0.4741398564439028,0.5834980536005722,0.8090809663910437,0.4455349921803369,0.51588988560644,0.5109228975005755,0.6485480701674966,0.29243418059987714,0.47246234361694694,0.5635280811926208,0.6299537067474847,0.5017771545723003,0.8102157542028089,0.5568719047271528,0.360498415934274
43_SCORE: CD48,0.7180915513670735,0.47604455792149736,1.0,0.7123361174265914,0.5151021568402364,0.7629151926495685,0.45952786190059924,0.8878338699195304,0.9544587906787689,0.6545611854255291,0.1617631948404405,0.676916742625388,0.4396235461863808,0.6711030974796014,0.6357520263397543,0.5749815700976932,0.5722942796996692,0.42351967412293035,0.5157165968346116,0.5290778727299594,0.44818571140197455,0.5467142550247517,0.6445414432796284,0.0,0.3023184884164128,0.3525583392632554,0.8025114729635877,0.06709347567572388,0.5557472798984658,0.34217089160723324,0.7825233972639172,0.3806970560759157
44_SCORE: SELL,0.6211774565549414,0.4905649329854551,0.4919424955343421,0.7661708562241238,0.947065773831312,0.633689457442848,1.0,0.5191076848494276,0.48076379292318866,0.5845159828151145,0.57658938675361,0.7951872167337917,0.8614122452234179,0.6427183186185428,0.7097170725925608,0.6424013691648792,0.05245165099297938,0.5243001976462437,0.45785990676664545,0.4571449401643846,0.7763314902150311,0.735584215351216,0.8075377110402082,0.0,0.9533142936693972,0.7812587185520058,0.8326434086581885,0.06425570979857725,0.23394574755235442,0.3224375715463601,0.8294667644207641,0.14783951816692292
45_SCORE: CD19,0.22086623059286864,0.579970097939102,0.4161652473955113,0.6085814601346108,0.8623165567052911,0.7447175621990074,1.0,0.2674054680960821,0.4553875550002989,0.24724325063888486,0.8065577966220867,0.7134320229176687,0.8075994633806503,0.18831382256891205,0.9209403793240101,0.29752959473157337,0.0774352212159029,0.1457924753318755,0.0,0.5653828243597377,0.5154389211437714,0.2625222307345051,0.36323674716087334,0.5943825862273515,0.21588569620261205,0.8530050403042714,0.2407886693170212,0.5537858957642785,0.6900936021542196,0.5008499583727285,0.25628212370275893,0.49841880234562475
46_SCORE: DMBT1,0.13340803170929932,0.21588628844009572,0.12776707234586882,0.14899464703162324,0.0529500141796323,0.1135644436731121,0.0005150435200204917,0.17645589250269733,0.26148401782557257,0.0691148719277829,0.6105766704917898,0.07791711074979463,0.14307336511917496,0.1343482658889241,0.10594670024984504,0.06475808336977418,0.04501163668674496,0.4648973306195965,0.05514068550563303,0.5565027244467848,0.0,0.14939070837024168,0.11065736208808344,0.2580383289177226,0.46552104148954,0.19333659861312016,0.199682248739699,0.2456724252788951,0.25664787732592403,0.8751744284336235,0.18841785778461037,1.0
47_SCORE: CCL25,0.5216614205956918,0.3863907639787042,0.41873063482894735,0.48084820696216113,0.2341964936762295,0.4751302231590484,0.40944800893030603,0.0,0.1830865792116202,0.369659820433834,0.28107663293422713,0.29577712562803515,0.4678115862322465,0.5388179070509793,0.505380791766867,0.35907709347397465,0.2567793772690715,0.4055961912877951,0.43115289550533975,0.32223628931025294,0.4144582982656396,0.3719562193148593,0.43524154433603024,0.42036108309629405,0.4015198283172847,0.4605448276141344,0.4519618609128557,0.4322037940992316,0.5538861002837128,0.29950037330213863,0.4498462257247845,1.0
48_SCORE: CCL21,0.24212091990410972,0.4166932080192831,0.0,0.5612939925022647,1.0,0.4818467370926779,0.8783822161445072,0.2406555232107096,0.3532065842594633,0.16981744587532893,0.48505413207407433,0.666291388860978,0.8202161142066778,0.28247759504200326,0.7402907827045537,0.22869918910696443,0.16217128455868163,0.14623885688690474,0.2907230251094799,0.6127849776222347,0.3610500329024458,0.24650401747329026,0.35522067888170356,0.4393509191992099,0.28502499744974574,0.8207638805124844,0.35053090884601784,0.4236675218225029,0.6865001375509533,0.4247761238981028,0.3511243092440227,0.42520250181933505
49_SCORE: CTLA4,0.16774707079835632,0.9750891639480317,0.5277282566438428,0.594804357496529,0.9266069690570768,0.7703600860398346,0.9006549618887555,0.553571981029092,0.7579690778562092,0.30352698455173616,0.8642877141862179,0.7934977079247353,0.8172975471346384,0.10774546590327516,0.9004984614943718,0.40578777434519087,0.12558741264590756,0.0,0.9999999999999998,0.6368122994068767,0.6340119684397382,0.2609582112900152,0.4128145646419862,0.5667555323503184,0.3119409004161325,0.9139714169922921,0.23485917668459383,0.5208660395976594,0.967553621075421,0.5604391557185977,0.2573760159405768,0.5322124662856799
50_SCORE: CMA1,0.5047853409131022,0.5992227020355145,0.7611531517336354,0.5195168378477724,0.27345386260814664,0.5753937991540302,0.5371271483301168,0.6555107690813471,0.5923271687538019,0.6828216813355081,0.0,0.43620331503570187,0.5818125265955361,0.4620539963386858,0.47575963149195444,1.0,0.8290588980734953,0.17994590283783635,0.9182060967656964,0.19351471281379506,0.5373151087943284,0.4882168017178833,0.5560041008266102,0.5089270024234104,0.561790226222901,0.3990944022010474,0.5710395703689118,0.5042408775859532,0.42830657324341587,0.0966026701012705,0.5691371202396507,0.3514828416997746
"6_SCORE: KIT, LIF",0.5156691892244364,0.9592752334815478,0.17659991656546503,0.5594815357062308,0.12666259855032314,0.3603101225697919,0.23019551487971213,0.43331569458063923,0.11094920221711496,0.8656025879163838,0.4137081053695039,0.14332711158916406,0.0,0.572185199866389,0.4588452068715397,0.7033432739265627,0.5598371165523353,0.9999999999999999,0.5632660850872484,0.5700421603142887,0.631405521059669,0.53182168160492,0.6572142660901377,0.509910937490495,0.7663847864479767,0.37679732949940453,0.67797764375975,0.5161368016291537,0.48190384127099317,0.5378530759022095,0.6753504367795946,0.6670612976850054
51_SCORE: CD8A,0.504739928504917,0.726674472548218,0.6817793227351765,0.6093909783422182,1.0,0.6624436051345776,0.7555199251536195,0.5749866496783854,0.07124323882949213,0.26169250898454477,0.400532355500111,0.8938070197542369,0.2324650330409639,0.47523103137042044,0.6520726703604633,0.5989254049098631,0.0,0.7310534580595055,0.20304405642211126,0.7651598745604571,0.708688160642015,0.3833031622838854,0.6258104923118947,0.578662153263276,0.8753431187424727,0.5963707595675107,0.5591346300844351,0.5683216355590762,0.14760800225388176,0.7832090710489323,0.5675711808922655,0.39519523165042136
52_SCORE: ZAP70,0.32831884600188044,0.7177387108206879,0.8043843875447453,0.6279363412371747,0.9323442226628306,0.9033215724915783,0.8998472339293144,0.6847334102707006,0.7046764747529115,0.30648352948827495,0.6452735620893995,0.889642923803996,0.7600794219071499,0.24896831977721678,0.9563876708393442,0.4512281584655561,0.47757175867548424,0.22024642265207406,0.5247324534706416,0.5461762975376112,0.0,0.30947047234052105,0.13366250435147486,0.1881581367006745,0.5445575269152658,0.7624491750970435,0.24119524392635544,0.1942376296346292,1.0,0.5876667103629214,0.22758903936264313,0.22791245117090814
83_SCORE: MAGEA1,0.25459606068403373,0.2586544152335589,0.2586544152335589,0.30345985874895065,0.6903270057411637,0.3584377298045278,0.2866218088218557,1.0,0.582961093198393,0.3951971058916782,0.0,0.5462741450960872,0.09120984393174036,0.25391961481469505,0.41195765951886665,0.4214243178050203,0.6807457399911345,0.5771094606909806,0.35295556151417384,0.09901348099327145,0.43150527768109764,0.393708650261527,0.28975031407523055,0.27566959580932837,0.629567159285422,0.5567741462118911,0.1757071150581523,0.2734951432903466,0.31341265307698124,0.4183572482697096,0.19013709332394368,0.3400241954831032
53_SCORE: MARCO,0.38077572033889884,0.36485571837814923,0.513022467380604,0.36982285485425015,0.19375783308062222,0.4328213350564078,0.9999999999999999,0.7534989929985199,0.8574223210133055,0.832917665067476,0.7188981838247497,0.30029919077867717,0.6168091114936451,0.3587328542762761,0.38980453426704803,0.33622677349948465,0.9745739182537112,0.16685736697594217,0.46927036875217354,0.5235896072093401,0.0,0.049752152002204064,0.1919053782113732,0.8035996390764935,0.45208049666126493,0.37561154075885955,0.3462950565908717,0.7591241197158662,0.6358862221816822,0.8723953281784236,0.3267600056393014,0.3398779288268379
54_SCORE: CCL24,0.38396031485536,0.42388483135582566,0.4168231315779929,0.4211738717056074,0.7632114716431042,0.46481858676393806,0.6870778461819174,0.04887628173939795,0.564639639147482,0.43094653122657345,0.4878601902941035,0.6476186997652248,0.3677690213662613,0.37848274596492015,0.4905615017914052,0.41292293296788135,0.0,1.0,0.6026535547602854,0.10585975292993749,0.477238849153326,0.5735894682441384,0.40089304142499904,0.5211256830289426,0.5114352479185336,0.595315466374171,0.33947212237281554,0.5068649674039343,0.671128868989343,0.3499416872587047,0.34724376096789916,0.7864114630784775
"8_SCORE: C3, C7",0.1029372377657144,0.28856161092654153,0.33002968696410456,0.21501611410114804,0.35158235503671914,0.3698728606184354,0.2962228093809975,0.6054899858300143,0.3438770517261377,0.31829052471497876,0.7029131805532766,0.34439004410786694,0.5318080042575661,0.06508550565517363,0.3912432055778562,0.19503928813279478,0.6239823823326531,0.47139550863060464,0.41776111264715937,0.5668643146779713,0.47143170970753334,0.0,0.2143438556247688,1.0,0.5506857117392033,0.4227826457032924,0.007514263473394567,0.9065320021308454,0.3775935975603441,0.6426378772698926,0.03368457915368234,0.5372064152735112
55_SCORE: CTCFL,0.2889099025918481,0.44470464581303576,0.43679461584091733,0.24097388759684116,0.26792346586921373,0.24515420518894196,0.0,1.0,0.3467397514917463,0.4791426594531363,0.3712384918284011,0.3242772227877205,0.20200165263620187,0.2642605028918268,0.14236566431294234,0.19004964233690796,0.6208893645986804,0.13530636125678233,0.3327173919891193,0.335912591071972,0.1119034511554606,0.2006488980944804,0.24777335336047643,0.4240393016208913,0.32186283365646123,0.23823736671791218,0.3570819652315902,0.40806542966845144,0.3446247990053757,0.17568784287838762,0.3432510581090376,0.4200596961790439
56_SCORE: CR2,0.2821820577689568,0.34950538740769566,0.22875047912025012,0.4382753866473602,0.9999999999999999,0.5498915175915566,0.9359626031893008,0.23700745245436333,0.38485371505803195,0.2812700846107075,0.5518715178997791,0.7426273935455827,0.5768034457671565,0.291088024516831,0.7221392113194481,0.14240558157875405,0.19774647873941778,0.13242590328291248,0.30141832296489585,0.3210337449166223,0.3906570336901584,0.2867857172777071,0.2318203086979156,0.3702165100305574,0.05935304041211503,0.5192657848594947,0.10403467228185448,0.3623056463525164,0.5122785903045937,0.0,0.12020349227337335,0.0477160148495227
"12_SCORE: CD24, EPCAM",0.6441879264531112,0.0,0.3460213299757311,0.3526485864118149,0.17238128793926813,0.2643640127426956,0.09606231897913986,0.033057954868082384,0.07344821064494234,0.5865071714072984,0.48512874599033673,0.23032646520537747,0.19796663641636061,0.6938862857513273,0.220566170410396,0.46670251826510994,0.4411514113192362,0.9595942830481095,0.31776810871980377,0.3977177703203044,0.021542276566291374,0.652949606397213,0.2912162380878072,0.1241819655627491,0.19860157706682788,0.1353072364752433,0.5081714718320831,0.18113810701475475,0.09528071152783474,0.47457856878910387,0.48071995052645256,1.0
57_SCORE: CXCL9,0.6151278646301964,1.0,0.7228975373388274,0.6212251657415359,0.4035646905728429,0.6650274895344485,0.28268339565290457,0.7653562890662475,0.9685655687115755,0.0,0.5716369548809948,0.5101288113581898,0.19470344135510298,0.5971648332946892,0.6339882230561544,0.4188776963167214,0.09410883261327663,0.27182728149751306,0.2923618155104064,0.9030011654535282,0.5930257353779526,0.16882061273577792,0.6003248563390159,0.6150694587471369,0.2321594030043237,0.3913370853861963,0.6061970676763677,0.6132794453247756,0.44019062336942505,0.5394651253191459,0.6054540520235232,0.3418275801088496
58_SCORE: FCER1A,0.6193261822477585,0.8271934398659788,1.0,0.5321032404961028,0.2401738236816831,0.617395215277237,0.7832113275734769,0.0,0.10915251515111057,0.9947985317036268,0.8224869638427417,0.4937343616879423,0.9239552462304861,0.5558755328672206,0.41218073352970785,0.6372714639563245,0.5255463102349492,0.3084751232848553,0.5147128455042261,0.8414940785661126,0.9406495301655242,0.8778669746140578,0.7924977300218711,0.7345017291875378,0.4187581730821408,0.3245037984869619,0.6733082159566173,0.7166435902475239,0.5267534898293341,0.8831357842141054,0.6883893616303218,0.5936183724451634
59_SCORE: TCF7,0.04826411950277043,0.438911487329473,0.3378259571032199,0.4804523049580557,1.0,0.6256702000150001,0.7602690216890771,0.5990840843790517,0.22586506987609156,0.2792179834273675,0.25080317550924414,0.7790268198126041,0.7675090754743892,0.0,0.7800587740521814,0.5808319963493548,0.5837478925762318,0.15360092336791492,0.33533613081903885,0.16240894851487092,0.43763091501783863,0.6261727696084269,0.265863566762696,0.31794444205727057,0.09575627096734762,0.5031579909253537,0.12767512253889002,0.2861579732277926,0.9609811107575681,0.2347845715765929,0.14516021822122288,0.2051391014174236
60_SCORE: CCL18,0.32588762444044594,0.6460615306550639,0.4537116557190893,0.5407511080341334,0.3820082927005696,0.8092844419178487,0.4349785210519531,0.8423649284821584,0.9935744567372833,0.2353879735401314,0.6131911431968069,0.405936322387477,0.31786070534549954,0.30458193591435295,1.0,0.12979486316449457,0.8561772308544063,0.4415437101139147,0.29131545401919023,0.5449378116009327,0.2854088525158613,0.07398558191041715,0.1272446144059315,0.39700917518926965,0.635895282184636,0.24246743861187547,0.0,0.3877687697234693,0.661224399118659,0.7192935940980829,0.016100364038732606,0.41477149578333583
61_SCORE: POU2AF1,0.15496467707518674,0.616413600672043,0.5254702102251736,0.47373587968860265,0.963448058323119,0.6826858152414086,1.0,0.14872595786516524,0.7571380523128246,0.09571946534246029,0.9963976843351106,0.8172910789246962,0.7079561248040347,0.09320887570103092,0.7670102152339721,0.26146377876392657,0.009365128399078881,0.3534618302028476,0.19857453833420258,0.5428035644194305,0.6395984025450363,0.19087999612241063,0.3563170736552636,0.6093393230656601,0.0,0.700989072753684,0.12841458511720666,0.5577392250392732,0.37411778768855997,0.6434262868557322,0.15725127143141132,0.6793692234942519
62_SCORE: BLK,0.48889509523686003,0.45332581547340617,0.5228938681202744,0.4971565413654552,1.0,0.6774943904966586,0.949696159218888,0.5432119311394826,0.43466408916098276,0.2956337728273982,0.6857859833006554,0.8407855753645059,0.7159249350768934,0.4832281853602316,0.7604161608042516,0.621783127201986,0.5944167689098108,0.331416617828534,0.2940416949571082,0.3428969310365152,0.3506731914729676,0.26965394354808536,0.26006875197992296,0.5288581020990559,0.31062653423186193,0.7426396333490539,0.18717662981293315,0.5242962550143094,0.5693894839714329,0.34928699830447707,0.19639972902167752,0.0
63_SCORE: FCER2,0.5058430542831923,0.618770156671207,0.6878183357135641,0.7772558189259052,0.758451161464424,0.8350444527727209,1.0,0.0,0.3908329440398487,0.7376743142900513,0.7436364856792952,0.7348803792822798,0.7516547410742265,0.4755114442813766,0.9140108758766251,0.48957416602411297,0.5345137464878029,0.32816367901725335,0.2811679963391182,0.5388654071331112,0.44916529835539015,0.7023836182931874,0.5417476637837445,0.6849720645970254,0.47694933053048005,0.9345117199484982,0.6162310459344683,0.6640312567137818,0.7904018037077505,0.40929792078331295,0.6068066033121897,0.5652820383532702
64_SCORE: CD79B,0.22132891447987996,0.3284238462750775,0.23427433983973922,0.7787609699891272,0.7569440229998614,0.7265457752104768,0.5832672532850005,0.0,0.929673422884577,0.664620397957765,0.9472193119901565,0.5825246489480245,0.6730151695541033,0.2191711731084342,0.9905812277778525,0.7483050498920999,0.15317328355531906,0.40148535885188896,0.2880347937926465,0.7570598064608702,0.4734261434019067,0.30976025017150666,0.5044169178844441,0.7105742849352865,0.8790148322255362,1.0,0.5293492868971588,0.6614463001976922,0.30842450329178916,0.11978064870879179,0.5261945740684324,0.799351437993191
65_SCORE: CXCL10,0.5000926061511873,1.0,0.7942821383320776,0.5853422297233842,0.42126503521530145,0.7357906551195402,0.3034615212865568,0.9981279598139969,0.7873800934646145,0.22408386602763158,0.6198762401770106,0.5457440546275019,0.0,0.45105714327629326,0.7044180746046302,0.6961429055646842,0.8455178467873445,0.3836594212544954,0.6736391224685168,0.42280010389836653,0.6059531794060931,0.14373288859900868,0.5168325528970913,0.7091609744422378,0.5748582473349241,0.7098388848737343,0.44513417220580564,0.6833570656491184,0.37159359792684193,0.3815393783195471,0.4542062263395442,0.19575118757436655
66_SCORE: CCR7,0.25920035038692923,0.6623140974120423,0.7635382127617719,0.730056420660528,0.5466513951599524,0.8025404279634062,1.0,0.06804351011091064,0.5860837448604191,0.353479041179688,0.7799640892949169,0.6190283938362182,0.7666747067036775,0.17513739837244785,0.8234597151735978,0.7540084268616218,0.05404554706213527,0.1968370266487386,0.0,0.7194186679306253,0.29894297551822646,0.4185756745102036,0.47690492426788555,0.4078394042323329,0.05366909547216486,0.6920302878611009,0.6200769827444642,0.3845750407858106,0.4392898255997573,0.1548277516638032,0.601961306317532,0.2545853802545431
67_SCORE: LTB,0.37107790222980735,0.786615779879035,0.5274881594970493,0.6849267776229548,1.0,0.7702625133069124,0.8737558455672412,0.2745075620182281,0.8110526250918506,0.4795625466775607,0.48546035971901047,0.8423187299590174,0.8633390997910892,0.3450074662539805,0.9004773333719114,0.4014223773100518,0.0,0.4441098183577175,0.464160972904742,0.5174028617873146,0.607564327356336,0.14070406665051782,0.5097862041859801,0.048518401901838426,0.3586507473298665,0.8477728778045592,0.4311227861540229,0.0781598711514021,0.44015184727689,0.4353466926542327,0.4410761320992212,0.16153070469757902
68_SCORE: LAMP3,0.5536707365714311,0.6047925918480647,0.4853835569319245,0.5210817221125084,0.7750871991169883,0.5526752514735634,0.34014688732081194,0.9125387801578668,0.7543070279949899,0.5241372303426628,0.7770994256715816,0.678410599041495,0.0,0.5650528324509861,0.5887679266639217,0.5843300311756053,0.40023937515548635,0.624167894628607,0.38404778467520995,0.8203498613713178,0.21107563718556827,0.5240512492494448,0.3387046271548957,0.28167150242970085,0.6154033674570919,0.4287804738257895,0.4413833477666822,0.3100025270429725,0.39379797203804245,1.0,0.4283913261506848,0.51958468867341
69_SCORE: PRAME,0.5469384836761,0.7086338662828554,0.26817497101946314,0.46669387656556083,0.29622877696610617,0.32853212274914634,0.6879498104619839,1.0,0.7679475472808184,0.7233976423918449,0.06269311675091693,0.28686698034648833,0.9378085359451007,0.5934027401519035,0.36090537605526696,0.46855095351061743,0.39877292770496925,0.9880429131824058,0.9420583083028875,0.6570549719398491,0.3304613565430672,0.17348302018549389,0.47498548576631666,0.28697880068876613,0.2653583664518106,0.6879208976576259,0.5912565045195172,0.31761350824121454,0.0,0.9523303132961534,0.5765446384195588,0.37462753785753966
70_SCORE: CHIT1,0.2823774953920318,0.1115402435598753,0.23745439118170203,0.6822691137864442,0.12268900860438303,0.7337865380592973,0.4676735355341024,0.3224749462222249,0.6174264782815452,0.9846051864875898,0.4238685013901977,0.16098720503109862,0.3516540910645809,0.28986527101885495,1.0,0.470728837076264,0.9968296492221038,0.20864319724317665,0.40885739684465583,0.17736660846066682,0.10655772646133838,0.40926535272785824,0.21827411643742375,0.6652337901965387,0.1785510685542509,0.09523467362185423,0.30815100096709513,0.6277063540910215,0.5188947571330265,0.3131102515295683,0.29677880603098167,0.0
71_SCORE: CXCL13,0.34909925235732353,0.9030478066217063,0.7170363394300701,0.7293620069181614,0.663976475671969,0.7824681687160945,0.4905296234263155,0.7376516094230139,0.8481087585669254,0.416769271246173,1.0,0.6816830091139108,0.48408625179393766,0.2877715591532073,0.8175632837613855,0.7581663635236362,0.0,0.28934691759712483,0.25148145332598504,0.6965411115199709,0.6813148597692239,0.28727737266116204,0.6503884045514405,0.6382928313906248,0.45952479331916574,0.9535803336222923,0.6255077809910501,0.6032494967062698,0.17482362973941773,0.3826146930985862,0.6286559464258167,0.5250028972734775
"10_SCORE: SPINK5, S100A8",0.8711216667187817,0.2992465880240869,0.7877181421775805,0.5483884246862054,0.0,0.43415629237147196,0.12386537581376145,0.390239564768672,0.6675483656464383,0.9519522453349212,0.24170426400032513,0.2628683271950908,0.24646499800657976,0.8850233524822325,0.2445193231782283,0.716936263131289,0.5986538367152344,0.9525794831021365,0.4777285065635027,0.3191212301673719,0.110863162730575,1.0,0.5516043221250618,0.41451704288136976,0.32185485659301777,0.27587852971505383,0.9061847225376718,0.46155587157555533,0.38735294659993424,0.36961893995206785,0.8613193775146573,0.30992885101836437
72_SCORE: CD22,0.40275865353565576,1.0,0.2652146349166132,0.510952154805909,0.6022331315906617,0.44856318653745475,0.5104115994632515,0.1530778330159212,0.3029935643676642,0.5371440134940701,0.28124961990735764,0.48976715713740354,0.39955026720247916,0.4256844679542011,0.5469042933463902,0.807373358147073,0.47377927818956084,0.10978160162677075,0.6774151082748573,0.316676815644305,0.78018583156071,0.7156651777077079,0.6075260550115624,0.3168517799457006,0.5077525475518193,0.449415237775392,0.46861964384710936,0.32773231876759756,0.5019445828521029,0.17272251909658154,0.4861955844674875,0.0
73_SCORE: S100A7,0.7901621369632854,0.2086239375051148,0.6137874138146872,0.5005184529188369,0.15343156996626967,0.3114717905793768,0.23829853696805242,0.03344573361864511,0.0,0.9999999999999999,0.2292906013604118,0.30705627924665746,0.2681236310445139,0.8195602468311269,0.14932132507652246,0.753847662960561,0.6029899753543856,0.8049774813900241,0.46802080387427125,0.052784530253274675,0.06753238975981019,0.9764747616697023,0.5366402964488571,0.27178749183805606,0.33375436014491866,0.23158286162874922,0.9140420113670765,0.3265510269058839,0.323456013274437,0.04896605829524203,0.8662890669505776,0.10344155961579177
74_SCORE: SAA1,0.3814108953791912,0.4886180479990224,0.405795272889546,0.45964302296656223,0.0,0.39750510416685403,0.4747724765510766,0.33722186314226715,0.46664260934378765,0.5967544868932031,0.34927587143436073,0.13541737692275063,0.3126656753799087,0.37734651134325203,0.393058576716186,0.739331543599338,0.5787738397371857,0.577761958265603,0.838406829022416,0.3303112645183668,0.931829313716847,0.5285068352224361,0.7136064522974751,1.0,0.7353304491975161,0.5741406040371068,0.5380441116085053,0.9377502698877557,0.40315979512422984,0.30691061268833125,0.5602581566569426,0.7128116540324118
75_SCORE: SERPINB2,0.9447085744129644,0.6555434410632385,0.7848573099776621,0.7301124240100162,0.46196598330838967,0.6085584125584353,0.3804056974505685,0.7942295720608743,0.5506620700227598,0.8865278805367875,0.34781513456616475,0.5697175994800286,0.526371219727227,0.9713525568980464,0.513998468953018,0.7672677897370486,0.8880422247520777,0.8895852634118745,0.6748859870939057,0.5208787406061401,1.0000000000000002,0.9294402742567989,0.9914546304494666,0.6472222072512513,0.6300680103548184,0.6769064104086635,0.9845798004220995,0.6796271116712497,0.560234520473186,0.47626561739443285,0.9854496782292017,0.0
76_SCORE: CD3D,0.6085647967581976,0.9956384688668364,0.9417368783920524,0.553983792605073,0.8637587873923314,0.6900624424407265,0.9001038332220468,0.9999999999999998,0.9127222438419451,0.6534550412175215,0.6196897259617743,0.8897807478391209,0.866515608651302,0.5530317289471288,0.55507396084012,0.8467228939773019,0.6144032214735206,0.7012941794431291,0.5066713685429227,0.772064486168501,0.7190835859117719,0.46984683348917433,0.6268793373891811,0.0,0.30588097303277095,0.7145005917862264,0.5527001538389085,0.055289300546173425,0.08832413102025127,0.9981149683005421,0.5620861059660871,0.6054314058861227
77_SCORE: CD79A,0.8779959819521171,0.36390540247409564,1.0,0.7321417870960492,0.7177571025035492,0.7326751560895268,0.8236667962703916,0.5960571407100971,0.8701534756443492,0.69588255833412,0.8074885250544614,0.8119439878309431,0.6574394078507809,0.8576603722748282,0.5892923979750997,0.7461502019629055,0.31928645638185005,0.6766134961969681,0.5695411998117097,0.19507785107912717,0.4896635794188325,0.7782887065088593,0.7172483554316126,0.0,0.3702738247042483,0.7498817150487076,0.9003424443006696,0.08574452351861273,0.5593212126602678,0.3832317415306077,0.877175401059628,0.8683042908641845
78_SCORE: TPTE,0.3505347662417746,0.341132636945381,0.16125602603715922,0.21936298973470283,0.15745805699948098,0.08639609134313164,0.07151257691342638,0.8614775648052496,0.5557240577628839,0.3991939640311848,0.19619594983313696,0.15872547197219347,0.12802745015909572,0.38208371555178305,0.046244103403356274,0.30921274235797036,0.8059252727755505,0.11235261077141195,1.0,0.2813882936327038,0.3634310834420293,0.4078852043095097,0.39655584501985663,0.4236351683769872,0.9383331455539908,0.0,0.4232050266846112,0.41948106537867164,0.31019263049062645,0.9274151449871205,0.4198330841616208,0.1799294418205896
79_SCORE: TNFRSF13B,0.37246336783223677,0.635871012765112,0.5321496878945162,0.565729288548484,0.8736969658266032,0.6153486045171872,1.0,0.0,0.5940615681092328,0.5028336762031076,0.5503273565669398,0.7597196980695731,0.5907900456862403,0.3458468782481424,0.6599733014326971,0.45235030757945677,0.38034145996765145,0.34469916822996155,0.4329226676287357,0.8732428864350747,0.588249115064236,0.4220046981735185,0.514273781532531,0.3389808511225501,0.08949630303739264,0.7364343850679661,0.454759931225551,0.33966728160643544,0.6276741058013782,0.28541317188177945,0.46229026686893016,0.5103625478047488
80_SCORE: TPSAB1,0.41639277758194365,0.745609844689843,0.6878246856531314,0.2637807792408077,0.33192625425720923,0.2401275263518396,0.4232220581074223,0.7054501295571024,0.20616690024872525,0.5655805624473629,0.7307114368550921,0.45069262550489897,0.4286153949349779,0.3711505517535194,0.0,0.8723317737111146,0.6707638302369967,0.33958049102419274,0.9476752384330887,0.5394301073226869,0.9504426243857645,0.5556446095600005,0.7420378985153988,0.634391958106363,0.9999999999999999,0.5181975632843786,0.5743743400482997,0.6080744206664247,0.0802428618280362,0.6032826895347457,0.5955889457897884,0.8568448639332419
81_SCORE: MAGEA12,0.27782113051056806,0.37268412182643434,0.20760833077666258,0.3395829412767151,0.6425638715968807,0.34101529759381427,0.2591664678349342,0.633431212626528,1.0,0.10199435057623352,0.15551851940742337,0.49741546216254384,0.5520785227091299,0.2895241884309882,0.4125696603463058,0.4809844288325031,0.4804998378735288,0.5787988384914676,0.22712298032643508,0.3002267712459408,0.6865894761300975,0.19007901441775218,0.4466649287692227,0.4796887907956602,0.519325815230131,0.5067899423276567,0.25364337800480086,0.4606771006826882,0.0,0.6023488374437547,0.2780665510336707,0.27140009212906924
82_SCORE: IL1B,0.7947221367183026,0.5502301616166217,0.47389824688294024,0.8309481187550559,0.6923998741780348,0.6557549197889421,0.7256244172698878,0.5584702388006652,0.8293703361651524,0.2957512669111114,0.6193433539758072,0.6194839996017728,0.3738307413952663,0.84819700994978,0.7532958402710968,0.0,0.18854051958735918,0.6268342077231176,0.5572206254857299,0.43755117454662884,1.0,0.6050124568836891,0.9569862206302526,0.6596687350983804,0.32085228907989805,0.3472996786493783,0.9223812313137607,0.6785168335059625,0.49380042075676095,0.617091678626731,0.9267598286174905,0.3668858910519509
84_SCORE: BTLA,0.17022766301578907,0.6483784550251602,0.23233290559429967,0.7524936314625787,0.9336237395778055,0.7319985684051087,0.6769806848038269,0.2828925902032443,0.6973882874225236,0.4589651892299037,0.618894551355573,0.6995969493646432,0.6153305736089656,0.15987597138958137,1.0,0.5607750761371815,0.19400266848294864,0.28589727465513937,0.10584857111060064,0.5163488275383108,0.15103356733493328,0.0,0.3228415454397915,0.19361100373367252,0.25393875646333675,0.8505364166707052,0.46106267675912693,0.19023834671495451,0.5195458758644083,0.14470100378782186,0.44357344515214264,0.29720642736338476
85_SCORE: CXCL5,0.6469759208253731,0.5472784418054105,0.5498254144959541,0.6671575561957266,0.4186539571393532,0.5407814980214573,0.7758688741765692,0.5563375700489259,0.6822858632806232,0.9999999999999999,0.4116439865817272,0.46242700199490594,0.3576739147265082,0.663168951254016,0.5359306892851614,0.25197490507937415,0.6673896030858231,0.7205544485324131,0.6479763716108238,0.5439107527604297,0.4210496126730716,0.6954938895443069,0.6430620053455075,0.4165127339893215,0.4770638526895414,0.44107264731632456,0.8216730595037014,0.44117216854634617,0.3874100001745051,0.6221948013026266,0.7990732582727058,0.0
86_SCORE: LCN2,0.5186701727352735,0.19190437831659143,0.2417116728458467,0.32820945877056257,0.0,0.10252722434518519,0.05269150112816817,0.045484958221605754,0.11760247933147439,0.7327891817997431,0.27795702967890057,0.08066126664147699,0.20146891333916633,0.5648335699796858,0.02787404276755373,0.4391722460641123,0.5479208042300923,1.0,0.3402206204473227,0.1926847114096395,0.7421501863166817,0.5772741074368828,0.7087310013027462,0.10009949715899258,0.496285454708263,0.22860776564453653,0.681844953219594,0.1465612469669987,0.08625739099955809,0.34079711294679216,0.685246866642198,0.67478253075182
